material_id,plant,period,consumption_quantity,base_unit,movement_type,movement_count,storage_location,document_id,document_item
MAT-1001,PLANT-02,2024-09,100,EA,261,1,SYN-01,SYN-1001-001,0001
MAT-1001,PLANT-02,2024-10,100,EA,261,1,SYN-01,SYN-1001-002,0001
MAT-1001,PLANT-02,2024-11,100,EA,261,1,SYN-01,SYN-1001-003,0001
MAT-1001,PLANT-02,2024-12,100,EA,261,1,SYN-01,SYN-1001-004,0001
MAT-1001,PLANT-02,2025-01,100,EA,261,1,SYN-01,SYN-1001-005,0001
MAT-1001,PLANT-02,2025-02,100,EA,261,1,SYN-01,SYN-1001-006,0001
MAT-1001,PLANT-02,2025-03,100,EA,261,1,SYN-01,SYN-1001-007,0001
MAT-1001,PLANT-02,2025-04,100,EA,261,1,SYN-01,SYN-1001-008,0001
MAT-1001,PLANT-02,2025-05,100,EA,261,1,SYN-01,SYN-1001-009,0001
MAT-1001,PLANT-02,2025-06,100,EA,261,1,SYN-01,SYN-1001-010,0001
MAT-1001,PLANT-02,2025-07,100,EA,261,1,SYN-01,SYN-1001-011,0001
MAT-1001,PLANT-02,2025-08,100,EA,261,1,SYN-01,SYN-1001-012,0001
MAT-1001,PLANT-02,2025-09,100,EA,261,1,SYN-01,SYN-1001-013,0001
MAT-1001,PLANT-02,2025-10,100,EA,261,1,SYN-01,SYN-1001-014,0001
MAT-1001,PLANT-02,2025-11,100,EA,261,1,SYN-01,SYN-1001-015,0001
MAT-1001,PLANT-02,2025-12,100,EA,261,1,SYN-01,SYN-1001-016,0001
MAT-1001,PLANT-02,2026-01,100,EA,261,1,SYN-01,SYN-1001-017,0001
MAT-1001,PLANT-02,2026-02,100,EA,261,1,SYN-01,SYN-1001-018,0001
MAT-1001,PLANT-02,2026-03,100,EA,261,1,SYN-01,SYN-1001-019,0001
MAT-1001,PLANT-02,2026-04,100,EA,261,1,SYN-01,SYN-1001-020,0001
MAT-1001,PLANT-02,2026-05,100,EA,261,1,SYN-01,SYN-1001-021,0001
MAT-1001,PLANT-02,2026-06,100,EA,261,1,SYN-01,SYN-1001-022,0001
MAT-1001,PLANT-02,2026-07,100,EA,261,1,SYN-01,SYN-1001-023,0001
MAT-1001,PLANT-02,2026-08,100,EA,261,1,SYN-01,SYN-1001-024,0001
MAT-1002,PLANT-03,2024-09,100,EA,261,1,SYN-01,SYN-1002-001,0001
MAT-1002,PLANT-03,2024-10,100,EA,261,1,SYN-01,SYN-1002-002,0001
MAT-1002,PLANT-03,2024-11,100,EA,261,1,SYN-01,SYN-1002-003,0001
MAT-1002,PLANT-03,2024-12,100,EA,261,1,SYN-01,SYN-1002-004,0001
MAT-1002,PLANT-03,2025-01,100,EA,261,1,SYN-01,SYN-1002-005,0001
MAT-1002,PLANT-03,2025-02,100,EA,261,1,SYN-01,SYN-1002-006,0001
MAT-1002,PLANT-03,2025-03,100,EA,261,1,SYN-01,SYN-1002-007,0001
MAT-1002,PLANT-03,2025-04,100,EA,261,1,SYN-01,SYN-1002-008,0001
MAT-1002,PLANT-03,2025-05,100,EA,261,1,SYN-01,SYN-1002-009,0001
MAT-1002,PLANT-03,2025-06,100,EA,261,1,SYN-01,SYN-1002-010,0001
MAT-1002,PLANT-03,2025-07,100,EA,261,1,SYN-01,SYN-1002-011,0001
MAT-1002,PLANT-03,2025-08,100,EA,261,1,SYN-01,SYN-1002-012,0001
MAT-1002,PLANT-03,2025-09,100,EA,261,1,SYN-01,SYN-1002-013,0001
MAT-1002,PLANT-03,2025-10,100,EA,261,1,SYN-01,SYN-1002-014,0001
MAT-1002,PLANT-03,2025-11,100,EA,261,1,SYN-01,SYN-1002-015,0001
MAT-1002,PLANT-03,2025-12,100,EA,261,1,SYN-01,SYN-1002-016,0001
MAT-1002,PLANT-03,2026-01,100,EA,261,1,SYN-01,SYN-1002-017,0001
MAT-1002,PLANT-03,2026-02,100,EA,261,1,SYN-01,SYN-1002-018,0001
MAT-1002,PLANT-03,2026-03,100,EA,261,1,SYN-01,SYN-1002-019,0001
MAT-1002,PLANT-03,2026-04,100,EA,261,1,SYN-01,SYN-1002-020,0001
MAT-1002,PLANT-03,2026-05,100,EA,261,1,SYN-01,SYN-1002-021,0001
MAT-1002,PLANT-03,2026-06,100,EA,261,1,SYN-01,SYN-1002-022,0001
MAT-1002,PLANT-03,2026-07,100,EA,261,1,SYN-01,SYN-1002-023,0001
MAT-1002,PLANT-03,2026-08,100,EA,261,1,SYN-01,SYN-1002-024,0001
MAT-1003,PLANT-04,2024-09,100,EA,261,1,SYN-01,SYN-1003-001,0001
MAT-1003,PLANT-04,2024-10,100,EA,261,1,SYN-01,SYN-1003-002,0001
MAT-1003,PLANT-04,2024-11,100,EA,261,1,SYN-01,SYN-1003-003,0001
MAT-1003,PLANT-04,2024-12,100,EA,261,1,SYN-01,SYN-1003-004,0001
MAT-1003,PLANT-04,2025-01,100,EA,261,1,SYN-01,SYN-1003-005,0001
MAT-1003,PLANT-04,2025-02,100,EA,261,1,SYN-01,SYN-1003-006,0001
MAT-1003,PLANT-04,2025-03,100,EA,261,1,SYN-01,SYN-1003-007,0001
MAT-1003,PLANT-04,2025-04,100,EA,261,1,SYN-01,SYN-1003-008,0001
MAT-1003,PLANT-04,2025-05,100,EA,261,1,SYN-01,SYN-1003-009,0001
MAT-1003,PLANT-04,2025-06,100,EA,261,1,SYN-01,SYN-1003-010,0001
MAT-1003,PLANT-04,2025-07,100,EA,261,1,SYN-01,SYN-1003-011,0001
MAT-1003,PLANT-04,2025-08,100,EA,261,1,SYN-01,SYN-1003-012,0001
MAT-1003,PLANT-04,2025-09,100,EA,261,1,SYN-01,SYN-1003-013,0001
MAT-1003,PLANT-04,2025-10,100,EA,261,1,SYN-01,SYN-1003-014,0001
MAT-1003,PLANT-04,2025-11,100,EA,261,1,SYN-01,SYN-1003-015,0001
MAT-1003,PLANT-04,2025-12,100,EA,261,1,SYN-01,SYN-1003-016,0001
MAT-1003,PLANT-04,2026-01,100,EA,261,1,SYN-01,SYN-1003-017,0001
MAT-1003,PLANT-04,2026-02,100,EA,261,1,SYN-01,SYN-1003-018,0001
MAT-1003,PLANT-04,2026-03,100,EA,261,1,SYN-01,SYN-1003-019,0001
MAT-1003,PLANT-04,2026-04,100,EA,261,1,SYN-01,SYN-1003-020,0001
MAT-1003,PLANT-04,2026-05,100,EA,261,1,SYN-01,SYN-1003-021,0001
MAT-1003,PLANT-04,2026-06,100,EA,261,1,SYN-01,SYN-1003-022,0001
MAT-1003,PLANT-04,2026-07,100,EA,261,1,SYN-01,SYN-1003-023,0001
MAT-1003,PLANT-04,2026-08,100,EA,261,1,SYN-01,SYN-1003-024,0001
MAT-1004,PLANT-01,2024-09,100,EA,261,1,SYN-01,SYN-1004-001,0001
MAT-1004,PLANT-01,2024-10,100,EA,261,1,SYN-01,SYN-1004-002,0001
MAT-1004,PLANT-01,2024-11,100,EA,261,1,SYN-01,SYN-1004-003,0001
MAT-1004,PLANT-01,2024-12,100,EA,261,1,SYN-01,SYN-1004-004,0001
MAT-1004,PLANT-01,2025-01,100,EA,261,1,SYN-01,SYN-1004-005,0001
MAT-1004,PLANT-01,2025-02,100,EA,261,1,SYN-01,SYN-1004-006,0001
MAT-1004,PLANT-01,2025-03,100,EA,261,1,SYN-01,SYN-1004-007,0001
MAT-1004,PLANT-01,2025-04,100,EA,261,1,SYN-01,SYN-1004-008,0001
MAT-1004,PLANT-01,2025-05,100,EA,261,1,SYN-01,SYN-1004-009,0001
MAT-1004,PLANT-01,2025-06,100,EA,261,1,SYN-01,SYN-1004-010,0001
MAT-1004,PLANT-01,2025-07,100,EA,261,1,SYN-01,SYN-1004-011,0001
MAT-1004,PLANT-01,2025-08,100,EA,261,1,SYN-01,SYN-1004-012,0001
MAT-1004,PLANT-01,2025-09,100,EA,261,1,SYN-01,SYN-1004-013,0001
MAT-1004,PLANT-01,2025-10,100,EA,261,1,SYN-01,SYN-1004-014,0001
MAT-1004,PLANT-01,2025-11,100,EA,261,1,SYN-01,SYN-1004-015,0001
MAT-1004,PLANT-01,2025-12,100,EA,261,1,SYN-01,SYN-1004-016,0001
MAT-1004,PLANT-01,2026-01,100,EA,261,1,SYN-01,SYN-1004-017,0001
MAT-1004,PLANT-01,2026-02,100,EA,261,1,SYN-01,SYN-1004-018,0001
MAT-1004,PLANT-01,2026-03,100,EA,261,1,SYN-01,SYN-1004-019,0001
MAT-1004,PLANT-01,2026-04,100,EA,261,1,SYN-01,SYN-1004-020,0001
MAT-1004,PLANT-01,2026-05,100,EA,261,1,SYN-01,SYN-1004-021,0001
MAT-1004,PLANT-01,2026-06,100,EA,261,1,SYN-01,SYN-1004-022,0001
MAT-1004,PLANT-01,2026-07,100,EA,261,1,SYN-01,SYN-1004-023,0001
MAT-1004,PLANT-01,2026-08,100,EA,261,1,SYN-01,SYN-1004-024,0001
MAT-1005,PLANT-02,2024-09,100,EA,261,1,SYN-01,SYN-1005-001,0001
MAT-1005,PLANT-02,2024-10,100,EA,261,1,SYN-01,SYN-1005-002,0001
MAT-1005,PLANT-02,2024-11,100,EA,261,1,SYN-01,SYN-1005-003,0001
MAT-1005,PLANT-02,2024-12,100,EA,261,1,SYN-01,SYN-1005-004,0001
MAT-1005,PLANT-02,2025-01,100,EA,261,1,SYN-01,SYN-1005-005,0001
MAT-1005,PLANT-02,2025-02,100,EA,261,1,SYN-01,SYN-1005-006,0001
MAT-1005,PLANT-02,2025-03,100,EA,261,1,SYN-01,SYN-1005-007,0001
MAT-1005,PLANT-02,2025-04,100,EA,261,1,SYN-01,SYN-1005-008,0001
MAT-1005,PLANT-02,2025-05,100,EA,261,1,SYN-01,SYN-1005-009,0001
MAT-1005,PLANT-02,2025-06,100,EA,261,1,SYN-01,SYN-1005-010,0001
MAT-1005,PLANT-02,2025-07,100,EA,261,1,SYN-01,SYN-1005-011,0001
MAT-1005,PLANT-02,2025-08,100,EA,261,1,SYN-01,SYN-1005-012,0001
MAT-1005,PLANT-02,2025-09,100,EA,261,1,SYN-01,SYN-1005-013,0001
MAT-1005,PLANT-02,2025-10,100,EA,261,1,SYN-01,SYN-1005-014,0001
MAT-1005,PLANT-02,2025-11,100,EA,261,1,SYN-01,SYN-1005-015,0001
MAT-1005,PLANT-02,2025-12,100,EA,261,1,SYN-01,SYN-1005-016,0001
MAT-1005,PLANT-02,2026-01,100,EA,261,1,SYN-01,SYN-1005-017,0001
MAT-1005,PLANT-02,2026-02,100,EA,261,1,SYN-01,SYN-1005-018,0001
MAT-1005,PLANT-02,2026-03,100,EA,261,1,SYN-01,SYN-1005-019,0001
MAT-1005,PLANT-02,2026-04,100,EA,261,1,SYN-01,SYN-1005-020,0001
MAT-1005,PLANT-02,2026-05,100,EA,261,1,SYN-01,SYN-1005-021,0001
MAT-1005,PLANT-02,2026-06,100,EA,261,1,SYN-01,SYN-1005-022,0001
MAT-1005,PLANT-02,2026-07,100,EA,261,1,SYN-01,SYN-1005-023,0001
MAT-1005,PLANT-02,2026-08,100,EA,261,1,SYN-01,SYN-1005-024,0001
MAT-1006,PLANT-03,2024-09,100,EA,261,1,SYN-01,SYN-1006-001,0001
MAT-1006,PLANT-03,2024-10,100,EA,261,1,SYN-01,SYN-1006-002,0001
MAT-1006,PLANT-03,2024-11,100,EA,261,1,SYN-01,SYN-1006-003,0001
MAT-1006,PLANT-03,2024-12,100,EA,261,1,SYN-01,SYN-1006-004,0001
MAT-1006,PLANT-03,2025-01,100,EA,261,1,SYN-01,SYN-1006-005,0001
MAT-1006,PLANT-03,2025-02,100,EA,261,1,SYN-01,SYN-1006-006,0001
MAT-1006,PLANT-03,2025-03,100,EA,261,1,SYN-01,SYN-1006-007,0001
MAT-1006,PLANT-03,2025-04,100,EA,261,1,SYN-01,SYN-1006-008,0001
MAT-1006,PLANT-03,2025-05,100,EA,261,1,SYN-01,SYN-1006-009,0001
MAT-1006,PLANT-03,2025-06,100,EA,261,1,SYN-01,SYN-1006-010,0001
MAT-1006,PLANT-03,2025-07,100,EA,261,1,SYN-01,SYN-1006-011,0001
MAT-1006,PLANT-03,2025-08,100,EA,261,1,SYN-01,SYN-1006-012,0001
MAT-1006,PLANT-03,2025-09,100,EA,261,1,SYN-01,SYN-1006-013,0001
MAT-1006,PLANT-03,2025-10,100,EA,261,1,SYN-01,SYN-1006-014,0001
MAT-1006,PLANT-03,2025-11,100,EA,261,1,SYN-01,SYN-1006-015,0001
MAT-1006,PLANT-03,2025-12,100,EA,261,1,SYN-01,SYN-1006-016,0001
MAT-1006,PLANT-03,2026-01,100,EA,261,1,SYN-01,SYN-1006-017,0001
MAT-1006,PLANT-03,2026-02,100,EA,261,1,SYN-01,SYN-1006-018,0001
MAT-1006,PLANT-03,2026-03,100,EA,261,1,SYN-01,SYN-1006-019,0001
MAT-1006,PLANT-03,2026-04,100,EA,261,1,SYN-01,SYN-1006-020,0001
MAT-1006,PLANT-03,2026-05,100,EA,261,1,SYN-01,SYN-1006-021,0001
MAT-1006,PLANT-03,2026-06,100,EA,261,1,SYN-01,SYN-1006-022,0001
MAT-1006,PLANT-03,2026-07,100,EA,261,1,SYN-01,SYN-1006-023,0001
MAT-1006,PLANT-03,2026-08,100,EA,261,1,SYN-01,SYN-1006-024,0001
MAT-1007,PLANT-04,2024-09,100,EA,261,1,SYN-01,SYN-1007-001,0001
MAT-1007,PLANT-04,2024-10,100,EA,261,1,SYN-01,SYN-1007-002,0001
MAT-1007,PLANT-04,2024-11,100,EA,261,1,SYN-01,SYN-1007-003,0001
MAT-1007,PLANT-04,2024-12,100,EA,261,1,SYN-01,SYN-1007-004,0001
MAT-1007,PLANT-04,2025-01,100,EA,261,1,SYN-01,SYN-1007-005,0001
MAT-1007,PLANT-04,2025-02,100,EA,261,1,SYN-01,SYN-1007-006,0001
MAT-1007,PLANT-04,2025-03,100,EA,261,1,SYN-01,SYN-1007-007,0001
MAT-1007,PLANT-04,2025-04,100,EA,261,1,SYN-01,SYN-1007-008,0001
MAT-1007,PLANT-04,2025-05,100,EA,261,1,SYN-01,SYN-1007-009,0001
MAT-1007,PLANT-04,2025-06,100,EA,261,1,SYN-01,SYN-1007-010,0001
MAT-1007,PLANT-04,2025-07,100,EA,261,1,SYN-01,SYN-1007-011,0001
MAT-1007,PLANT-04,2025-08,100,EA,261,1,SYN-01,SYN-1007-012,0001
MAT-1007,PLANT-04,2025-09,100,EA,261,1,SYN-01,SYN-1007-013,0001
MAT-1007,PLANT-04,2025-10,100,EA,261,1,SYN-01,SYN-1007-014,0001
MAT-1007,PLANT-04,2025-11,100,EA,261,1,SYN-01,SYN-1007-015,0001
MAT-1007,PLANT-04,2025-12,100,EA,261,1,SYN-01,SYN-1007-016,0001
MAT-1007,PLANT-04,2026-01,100,EA,261,1,SYN-01,SYN-1007-017,0001
MAT-1007,PLANT-04,2026-02,100,EA,261,1,SYN-01,SYN-1007-018,0001
MAT-1007,PLANT-04,2026-03,100,EA,261,1,SYN-01,SYN-1007-019,0001
MAT-1007,PLANT-04,2026-04,100,EA,261,1,SYN-01,SYN-1007-020,0001
MAT-1007,PLANT-04,2026-05,100,EA,261,1,SYN-01,SYN-1007-021,0001
MAT-1007,PLANT-04,2026-06,100,EA,261,1,SYN-01,SYN-1007-022,0001
MAT-1007,PLANT-04,2026-07,100,EA,261,1,SYN-01,SYN-1007-023,0001
MAT-1007,PLANT-04,2026-08,100,EA,261,1,SYN-01,SYN-1007-024,0001
MAT-1009,PLANT-02,2024-09,100,EA,261,1,SYN-01,SYN-1009-001,0001
MAT-1009,PLANT-02,2024-10,100,EA,261,1,SYN-01,SYN-1009-002,0001
MAT-1009,PLANT-02,2024-11,100,EA,261,1,SYN-01,SYN-1009-003,0001
MAT-1009,PLANT-02,2024-12,100,EA,261,1,SYN-01,SYN-1009-004,0001
MAT-1009,PLANT-02,2025-01,100,EA,261,1,SYN-01,SYN-1009-005,0001
MAT-1009,PLANT-02,2025-02,100,EA,261,1,SYN-01,SYN-1009-006,0001
MAT-1009,PLANT-02,2025-03,100,EA,261,1,SYN-01,SYN-1009-007,0001
MAT-1009,PLANT-02,2025-04,100,EA,261,1,SYN-01,SYN-1009-008,0001
MAT-1009,PLANT-02,2025-05,100,EA,261,1,SYN-01,SYN-1009-009,0001
MAT-1009,PLANT-02,2025-06,100,EA,261,1,SYN-01,SYN-1009-010,0001
MAT-1009,PLANT-02,2025-07,100,EA,261,1,SYN-01,SYN-1009-011,0001
MAT-1009,PLANT-02,2025-08,100,EA,261,1,SYN-01,SYN-1009-012,0001
MAT-1009,PLANT-02,2025-09,100,EA,261,1,SYN-01,SYN-1009-013,0001
MAT-1009,PLANT-02,2025-10,100,EA,261,1,SYN-01,SYN-1009-014,0001
MAT-1009,PLANT-02,2025-11,100,EA,261,1,SYN-01,SYN-1009-015,0001
MAT-1009,PLANT-02,2025-12,100,EA,261,1,SYN-01,SYN-1009-016,0001
MAT-1009,PLANT-02,2026-01,100,EA,261,1,SYN-01,SYN-1009-017,0001
MAT-1009,PLANT-02,2026-02,100,EA,261,1,SYN-01,SYN-1009-018,0001
MAT-1009,PLANT-02,2026-03,100,EA,261,1,SYN-01,SYN-1009-019,0001
MAT-1009,PLANT-02,2026-04,100,EA,261,1,SYN-01,SYN-1009-020,0001
MAT-1009,PLANT-02,2026-05,100,EA,261,1,SYN-01,SYN-1009-021,0001
MAT-1009,PLANT-02,2026-06,100,EA,261,1,SYN-01,SYN-1009-022,0001
MAT-1009,PLANT-02,2026-07,100,EA,261,1,SYN-01,SYN-1009-023,0001
MAT-1009,PLANT-02,2026-08,100,EA,261,1,SYN-01,SYN-1009-024,0001
MAT-1010,PLANT-03,2024-09,100,EA,261,1,SYN-01,SYN-1010-001,0001
MAT-1010,PLANT-03,2024-10,100,EA,261,1,SYN-01,SYN-1010-002,0001
MAT-1010,PLANT-03,2024-11,100,EA,261,1,SYN-01,SYN-1010-003,0001
MAT-1010,PLANT-03,2024-12,100,EA,261,1,SYN-01,SYN-1010-004,0001
MAT-1010,PLANT-03,2025-01,100,EA,261,1,SYN-01,SYN-1010-005,0001
MAT-1010,PLANT-03,2025-02,100,EA,261,1,SYN-01,SYN-1010-006,0001
MAT-1010,PLANT-03,2025-03,100,EA,261,1,SYN-01,SYN-1010-007,0001
MAT-1010,PLANT-03,2025-04,100,EA,261,1,SYN-01,SYN-1010-008,0001
MAT-1010,PLANT-03,2025-05,100,EA,261,1,SYN-01,SYN-1010-009,0001
MAT-1010,PLANT-03,2025-06,100,EA,261,1,SYN-01,SYN-1010-010,0001
MAT-1010,PLANT-03,2025-07,100,EA,261,1,SYN-01,SYN-1010-011,0001
MAT-1010,PLANT-03,2025-08,100,EA,261,1,SYN-01,SYN-1010-012,0001
MAT-1010,PLANT-03,2025-09,100,EA,261,1,SYN-01,SYN-1010-013,0001
MAT-1010,PLANT-03,2025-10,100,EA,261,1,SYN-01,SYN-1010-014,0001
MAT-1010,PLANT-03,2025-11,100,EA,261,1,SYN-01,SYN-1010-015,0001
MAT-1010,PLANT-03,2025-12,100,EA,261,1,SYN-01,SYN-1010-016,0001
MAT-1010,PLANT-03,2026-01,100,EA,261,1,SYN-01,SYN-1010-017,0001
MAT-1010,PLANT-03,2026-02,100,EA,261,1,SYN-01,SYN-1010-018,0001
MAT-1010,PLANT-03,2026-03,100,EA,261,1,SYN-01,SYN-1010-019,0001
MAT-1010,PLANT-03,2026-04,100,EA,261,1,SYN-01,SYN-1010-020,0001
MAT-1010,PLANT-03,2026-05,100,EA,261,1,SYN-01,SYN-1010-021,0001
MAT-1010,PLANT-03,2026-06,100,EA,261,1,SYN-01,SYN-1010-022,0001
MAT-1010,PLANT-03,2026-07,100,EA,261,1,SYN-01,SYN-1010-023,0001
MAT-1010,PLANT-03,2026-08,100,EA,261,1,SYN-01,SYN-1010-024,0001
MAT-1011,PLANT-04,2024-09,100,EA,261,1,SYN-01,SYN-1011-001,0001
MAT-1011,PLANT-04,2024-10,100,EA,261,1,SYN-01,SYN-1011-002,0001
MAT-1011,PLANT-04,2024-11,100,EA,261,1,SYN-01,SYN-1011-003,0001
MAT-1011,PLANT-04,2024-12,100,EA,261,1,SYN-01,SYN-1011-004,0001
MAT-1011,PLANT-04,2025-01,100,EA,261,1,SYN-01,SYN-1011-005,0001
MAT-1011,PLANT-04,2025-02,100,EA,261,1,SYN-01,SYN-1011-006,0001
MAT-1011,PLANT-04,2025-03,100,EA,261,1,SYN-01,SYN-1011-007,0001
MAT-1011,PLANT-04,2025-04,100,EA,261,1,SYN-01,SYN-1011-008,0001
MAT-1011,PLANT-04,2025-05,100,EA,261,1,SYN-01,SYN-1011-009,0001
MAT-1011,PLANT-04,2025-06,100,EA,261,1,SYN-01,SYN-1011-010,0001
MAT-1011,PLANT-04,2025-07,100,EA,261,1,SYN-01,SYN-1011-011,0001
MAT-1011,PLANT-04,2025-08,100,EA,261,1,SYN-01,SYN-1011-012,0001
MAT-1011,PLANT-04,2025-09,100,EA,261,1,SYN-01,SYN-1011-013,0001
MAT-1011,PLANT-04,2025-10,100,EA,261,1,SYN-01,SYN-1011-014,0001
MAT-1011,PLANT-04,2025-11,100,EA,261,1,SYN-01,SYN-1011-015,0001
MAT-1011,PLANT-04,2025-12,100,EA,261,1,SYN-01,SYN-1011-016,0001
MAT-1011,PLANT-04,2026-01,100,EA,261,1,SYN-01,SYN-1011-017,0001
MAT-1011,PLANT-04,2026-02,100,EA,261,1,SYN-01,SYN-1011-018,0001
MAT-1011,PLANT-04,2026-03,100,EA,261,1,SYN-01,SYN-1011-019,0001
MAT-1011,PLANT-04,2026-04,100,EA,261,1,SYN-01,SYN-1011-020,0001
MAT-1011,PLANT-04,2026-05,100,EA,261,1,SYN-01,SYN-1011-021,0001
MAT-1011,PLANT-04,2026-06,100,EA,261,1,SYN-01,SYN-1011-022,0001
MAT-1011,PLANT-04,2026-07,100,EA,261,1,SYN-01,SYN-1011-023,0001
MAT-1011,PLANT-04,2026-08,100,EA,261,1,SYN-01,SYN-1011-024,0001
MAT-1012,PLANT-01,2024-09,100,EA,261,1,SYN-01,SYN-1012-001,0001
MAT-1012,PLANT-01,2024-10,100,EA,261,1,SYN-01,SYN-1012-002,0001
MAT-1012,PLANT-01,2024-11,100,EA,261,1,SYN-01,SYN-1012-003,0001
MAT-1012,PLANT-01,2024-12,100,EA,261,1,SYN-01,SYN-1012-004,0001
MAT-1012,PLANT-01,2025-01,100,EA,261,1,SYN-01,SYN-1012-005,0001
MAT-1012,PLANT-01,2025-02,100,EA,261,1,SYN-01,SYN-1012-006,0001
MAT-1012,PLANT-01,2025-03,100,EA,261,1,SYN-01,SYN-1012-007,0001
MAT-1012,PLANT-01,2025-04,100,EA,261,1,SYN-01,SYN-1012-008,0001
MAT-1012,PLANT-01,2025-05,100,EA,261,1,SYN-01,SYN-1012-009,0001
MAT-1012,PLANT-01,2025-06,100,EA,261,1,SYN-01,SYN-1012-010,0001
MAT-1012,PLANT-01,2025-07,100,EA,261,1,SYN-01,SYN-1012-011,0001
MAT-1012,PLANT-01,2025-08,100,EA,261,1,SYN-01,SYN-1012-012,0001
MAT-1012,PLANT-01,2025-09,100,EA,261,1,SYN-01,SYN-1012-013,0001
MAT-1012,PLANT-01,2025-10,100,EA,261,1,SYN-01,SYN-1012-014,0001
MAT-1012,PLANT-01,2025-11,100,EA,261,1,SYN-01,SYN-1012-015,0001
MAT-1012,PLANT-01,2025-12,100,EA,261,1,SYN-01,SYN-1012-016,0001
MAT-1012,PLANT-01,2026-01,100,EA,261,1,SYN-01,SYN-1012-017,0001
MAT-1012,PLANT-01,2026-02,100,EA,261,1,SYN-01,SYN-1012-018,0001
MAT-1012,PLANT-01,2026-03,100,EA,261,1,SYN-01,SYN-1012-019,0001
MAT-1012,PLANT-01,2026-04,100,EA,261,1,SYN-01,SYN-1012-020,0001
MAT-1012,PLANT-01,2026-05,100,EA,261,1,SYN-01,SYN-1012-021,0001
MAT-1012,PLANT-01,2026-06,100,EA,261,1,SYN-01,SYN-1012-022,0001
MAT-1012,PLANT-01,2026-07,100,EA,261,1,SYN-01,SYN-1012-023,0001
MAT-1012,PLANT-01,2026-08,100,EA,261,1,SYN-01,SYN-1012-024,0001
MAT-1013,PLANT-02,2024-09,100,EA,261,1,SYN-01,SYN-1013-001,0001
MAT-1013,PLANT-02,2024-10,100,EA,261,1,SYN-01,SYN-1013-002,0001
MAT-1013,PLANT-02,2024-11,100,EA,261,1,SYN-01,SYN-1013-003,0001
MAT-1013,PLANT-02,2024-12,100,EA,261,1,SYN-01,SYN-1013-004,0001
MAT-1013,PLANT-02,2025-01,100,EA,261,1,SYN-01,SYN-1013-005,0001
MAT-1013,PLANT-02,2025-02,100,EA,261,1,SYN-01,SYN-1013-006,0001
MAT-1013,PLANT-02,2025-03,100,EA,261,1,SYN-01,SYN-1013-007,0001
MAT-1013,PLANT-02,2025-04,100,EA,261,1,SYN-01,SYN-1013-008,0001
MAT-1013,PLANT-02,2025-05,100,EA,261,1,SYN-01,SYN-1013-009,0001
MAT-1013,PLANT-02,2025-06,100,EA,261,1,SYN-01,SYN-1013-010,0001
MAT-1013,PLANT-02,2025-07,100,EA,261,1,SYN-01,SYN-1013-011,0001
MAT-1013,PLANT-02,2025-08,100,EA,261,1,SYN-01,SYN-1013-012,0001
MAT-1013,PLANT-02,2025-09,100,EA,261,1,SYN-01,SYN-1013-013,0001
MAT-1013,PLANT-02,2025-10,100,EA,261,1,SYN-01,SYN-1013-014,0001
MAT-1013,PLANT-02,2025-11,100,EA,261,1,SYN-01,SYN-1013-015,0001
MAT-1013,PLANT-02,2025-12,100,EA,261,1,SYN-01,SYN-1013-016,0001
MAT-1013,PLANT-02,2026-01,100,EA,261,1,SYN-01,SYN-1013-017,0001
MAT-1013,PLANT-02,2026-02,100,EA,261,1,SYN-01,SYN-1013-018,0001
MAT-1013,PLANT-02,2026-03,100,EA,261,1,SYN-01,SYN-1013-019,0001
MAT-1013,PLANT-02,2026-04,100,EA,261,1,SYN-01,SYN-1013-020,0001
MAT-1013,PLANT-02,2026-05,100,EA,261,1,SYN-01,SYN-1013-021,0001
MAT-1013,PLANT-02,2026-06,100,EA,261,1,SYN-01,SYN-1013-022,0001
MAT-1013,PLANT-02,2026-07,100,EA,261,1,SYN-01,SYN-1013-023,0001
MAT-1013,PLANT-02,2026-08,100,EA,261,1,SYN-01,SYN-1013-024,0001
MAT-1014,PLANT-03,2024-09,100,EA,261,1,SYN-01,SYN-1014-001,0001
MAT-1014,PLANT-03,2024-10,100,EA,261,1,SYN-01,SYN-1014-002,0001
MAT-1014,PLANT-03,2024-11,100,EA,261,1,SYN-01,SYN-1014-003,0001
MAT-1014,PLANT-03,2024-12,100,EA,261,1,SYN-01,SYN-1014-004,0001
MAT-1014,PLANT-03,2025-01,100,EA,261,1,SYN-01,SYN-1014-005,0001
MAT-1014,PLANT-03,2025-02,100,EA,261,1,SYN-01,SYN-1014-006,0001
MAT-1014,PLANT-03,2025-03,100,EA,261,1,SYN-01,SYN-1014-007,0001
MAT-1014,PLANT-03,2025-04,100,EA,261,1,SYN-01,SYN-1014-008,0001
MAT-1014,PLANT-03,2025-05,100,EA,261,1,SYN-01,SYN-1014-009,0001
MAT-1014,PLANT-03,2025-06,100,EA,261,1,SYN-01,SYN-1014-010,0001
MAT-1014,PLANT-03,2025-07,100,EA,261,1,SYN-01,SYN-1014-011,0001
MAT-1014,PLANT-03,2025-08,100,EA,261,1,SYN-01,SYN-1014-012,0001
MAT-1014,PLANT-03,2025-09,100,EA,261,1,SYN-01,SYN-1014-013,0001
MAT-1014,PLANT-03,2025-10,100,EA,261,1,SYN-01,SYN-1014-014,0001
MAT-1014,PLANT-03,2025-11,100,EA,261,1,SYN-01,SYN-1014-015,0001
MAT-1014,PLANT-03,2025-12,100,EA,261,1,SYN-01,SYN-1014-016,0001
MAT-1014,PLANT-03,2026-01,100,EA,261,1,SYN-01,SYN-1014-017,0001
MAT-1014,PLANT-03,2026-02,100,EA,261,1,SYN-01,SYN-1014-018,0001
MAT-1014,PLANT-03,2026-03,100,EA,261,1,SYN-01,SYN-1014-019,0001
MAT-1014,PLANT-03,2026-04,100,EA,261,1,SYN-01,SYN-1014-020,0001
MAT-1014,PLANT-03,2026-05,100,EA,261,1,SYN-01,SYN-1014-021,0001
MAT-1014,PLANT-03,2026-06,100,EA,261,1,SYN-01,SYN-1014-022,0001
MAT-1014,PLANT-03,2026-07,100,EA,261,1,SYN-01,SYN-1014-023,0001
MAT-1014,PLANT-03,2026-08,100,EA,261,1,SYN-01,SYN-1014-024,0001
MAT-1015,PLANT-04,2024-09,100,EA,261,1,SYN-01,SYN-1015-001,0001
MAT-1015,PLANT-04,2024-10,100,EA,261,1,SYN-01,SYN-1015-002,0001
MAT-1015,PLANT-04,2024-11,100,EA,261,1,SYN-01,SYN-1015-003,0001
MAT-1015,PLANT-04,2024-12,100,EA,261,1,SYN-01,SYN-1015-004,0001
MAT-1015,PLANT-04,2025-01,100,EA,261,1,SYN-01,SYN-1015-005,0001
MAT-1015,PLANT-04,2025-02,100,EA,261,1,SYN-01,SYN-1015-006,0001
MAT-1015,PLANT-04,2025-03,100,EA,261,1,SYN-01,SYN-1015-007,0001
MAT-1015,PLANT-04,2025-04,100,EA,261,1,SYN-01,SYN-1015-008,0001
MAT-1015,PLANT-04,2025-05,100,EA,261,1,SYN-01,SYN-1015-009,0001
MAT-1015,PLANT-04,2025-06,100,EA,261,1,SYN-01,SYN-1015-010,0001
MAT-1015,PLANT-04,2025-07,100,EA,261,1,SYN-01,SYN-1015-011,0001
MAT-1015,PLANT-04,2025-08,100,EA,261,1,SYN-01,SYN-1015-012,0001
MAT-1015,PLANT-04,2025-09,100,EA,261,1,SYN-01,SYN-1015-013,0001
MAT-1015,PLANT-04,2025-10,100,EA,261,1,SYN-01,SYN-1015-014,0001
MAT-1015,PLANT-04,2025-11,100,EA,261,1,SYN-01,SYN-1015-015,0001
MAT-1015,PLANT-04,2025-12,100,EA,261,1,SYN-01,SYN-1015-016,0001
MAT-1015,PLANT-04,2026-01,100,EA,261,1,SYN-01,SYN-1015-017,0001
MAT-1015,PLANT-04,2026-02,100,EA,261,1,SYN-01,SYN-1015-018,0001
MAT-1015,PLANT-04,2026-03,100,EA,261,1,SYN-01,SYN-1015-019,0001
MAT-1015,PLANT-04,2026-04,100,EA,261,1,SYN-01,SYN-1015-020,0001
MAT-1015,PLANT-04,2026-05,100,EA,261,1,SYN-01,SYN-1015-021,0001
MAT-1015,PLANT-04,2026-06,100,EA,261,1,SYN-01,SYN-1015-022,0001
MAT-1015,PLANT-04,2026-07,100,EA,261,1,SYN-01,SYN-1015-023,0001
MAT-1015,PLANT-04,2026-08,100,EA,261,1,SYN-01,SYN-1015-024,0001
MAT-1016,PLANT-01,2024-09,100,EA,261,1,SYN-01,SYN-1016-001,0001
MAT-1016,PLANT-01,2024-10,100,EA,261,1,SYN-01,SYN-1016-002,0001
MAT-1016,PLANT-01,2024-11,100,EA,261,1,SYN-01,SYN-1016-003,0001
MAT-1016,PLANT-01,2024-12,100,EA,261,1,SYN-01,SYN-1016-004,0001
MAT-1016,PLANT-01,2025-01,100,EA,261,1,SYN-01,SYN-1016-005,0001
MAT-1016,PLANT-01,2025-02,100,EA,261,1,SYN-01,SYN-1016-006,0001
MAT-1016,PLANT-01,2025-03,100,EA,261,1,SYN-01,SYN-1016-007,0001
MAT-1016,PLANT-01,2025-04,100,EA,261,1,SYN-01,SYN-1016-008,0001
MAT-1016,PLANT-01,2025-05,100,EA,261,1,SYN-01,SYN-1016-009,0001
MAT-1016,PLANT-01,2025-06,100,EA,261,1,SYN-01,SYN-1016-010,0001
MAT-1016,PLANT-01,2025-07,100,EA,261,1,SYN-01,SYN-1016-011,0001
MAT-1016,PLANT-01,2025-08,100,EA,261,1,SYN-01,SYN-1016-012,0001
MAT-1016,PLANT-01,2025-09,100,EA,261,1,SYN-01,SYN-1016-013,0001
MAT-1016,PLANT-01,2025-10,100,EA,261,1,SYN-01,SYN-1016-014,0001
MAT-1016,PLANT-01,2025-11,100,EA,261,1,SYN-01,SYN-1016-015,0001
MAT-1016,PLANT-01,2025-12,100,EA,261,1,SYN-01,SYN-1016-016,0001
MAT-1016,PLANT-01,2026-01,100,EA,261,1,SYN-01,SYN-1016-017,0001
MAT-1016,PLANT-01,2026-02,100,EA,261,1,SYN-01,SYN-1016-018,0001
MAT-1016,PLANT-01,2026-03,100,EA,261,1,SYN-01,SYN-1016-019,0001
MAT-1016,PLANT-01,2026-04,100,EA,261,1,SYN-01,SYN-1016-020,0001
MAT-1016,PLANT-01,2026-05,100,EA,261,1,SYN-01,SYN-1016-021,0001
MAT-1016,PLANT-01,2026-06,100,EA,261,1,SYN-01,SYN-1016-022,0001
MAT-1016,PLANT-01,2026-07,100,EA,261,1,SYN-01,SYN-1016-023,0001
MAT-1016,PLANT-01,2026-08,100,EA,261,1,SYN-01,SYN-1016-024,0001
MAT-1017,PLANT-02,2024-09,100,EA,261,1,SYN-01,SYN-1017-001,0001
MAT-1017,PLANT-02,2024-10,100,EA,261,1,SYN-01,SYN-1017-002,0001
MAT-1017,PLANT-02,2024-11,100,EA,261,1,SYN-01,SYN-1017-003,0001
MAT-1017,PLANT-02,2024-12,100,EA,261,1,SYN-01,SYN-1017-004,0001
MAT-1017,PLANT-02,2025-01,100,EA,261,1,SYN-01,SYN-1017-005,0001
MAT-1017,PLANT-02,2025-02,100,EA,261,1,SYN-01,SYN-1017-006,0001
MAT-1017,PLANT-02,2025-03,100,EA,261,1,SYN-01,SYN-1017-007,0001
MAT-1017,PLANT-02,2025-04,100,EA,261,1,SYN-01,SYN-1017-008,0001
MAT-1017,PLANT-02,2025-05,100,EA,261,1,SYN-01,SYN-1017-009,0001
MAT-1017,PLANT-02,2025-06,100,EA,261,1,SYN-01,SYN-1017-010,0001
MAT-1017,PLANT-02,2025-07,100,EA,261,1,SYN-01,SYN-1017-011,0001
MAT-1017,PLANT-02,2025-08,100,EA,261,1,SYN-01,SYN-1017-012,0001
MAT-1017,PLANT-02,2025-09,100,EA,261,1,SYN-01,SYN-1017-013,0001
MAT-1017,PLANT-02,2025-10,100,EA,261,1,SYN-01,SYN-1017-014,0001
MAT-1017,PLANT-02,2025-11,100,EA,261,1,SYN-01,SYN-1017-015,0001
MAT-1017,PLANT-02,2025-12,100,EA,261,1,SYN-01,SYN-1017-016,0001
MAT-1017,PLANT-02,2026-01,100,EA,261,1,SYN-01,SYN-1017-017,0001
MAT-1017,PLANT-02,2026-02,100,EA,261,1,SYN-01,SYN-1017-018,0001
MAT-1017,PLANT-02,2026-03,100,EA,261,1,SYN-01,SYN-1017-019,0001
MAT-1017,PLANT-02,2026-04,100,EA,261,1,SYN-01,SYN-1017-020,0001
MAT-1017,PLANT-02,2026-05,100,EA,261,1,SYN-01,SYN-1017-021,0001
MAT-1017,PLANT-02,2026-06,100,EA,261,1,SYN-01,SYN-1017-022,0001
MAT-1017,PLANT-02,2026-07,100,EA,261,1,SYN-01,SYN-1017-023,0001
MAT-1017,PLANT-02,2026-08,100,EA,261,1,SYN-01,SYN-1017-024,0001
MAT-1018,PLANT-03,2024-09,100,EA,261,1,SYN-01,SYN-1018-001,0001
MAT-1018,PLANT-03,2024-10,100,EA,261,1,SYN-01,SYN-1018-002,0001
MAT-1018,PLANT-03,2024-11,100,EA,261,1,SYN-01,SYN-1018-003,0001
MAT-1018,PLANT-03,2024-12,100,EA,261,1,SYN-01,SYN-1018-004,0001
MAT-1018,PLANT-03,2025-01,100,EA,261,1,SYN-01,SYN-1018-005,0001
MAT-1018,PLANT-03,2025-02,100,EA,261,1,SYN-01,SYN-1018-006,0001
MAT-1018,PLANT-03,2025-03,100,EA,261,1,SYN-01,SYN-1018-007,0001
MAT-1018,PLANT-03,2025-04,100,EA,261,1,SYN-01,SYN-1018-008,0001
MAT-1018,PLANT-03,2025-05,100,EA,261,1,SYN-01,SYN-1018-009,0001
MAT-1018,PLANT-03,2025-06,100,EA,261,1,SYN-01,SYN-1018-010,0001
MAT-1018,PLANT-03,2025-07,100,EA,261,1,SYN-01,SYN-1018-011,0001
MAT-1018,PLANT-03,2025-08,100,EA,261,1,SYN-01,SYN-1018-012,0001
MAT-1018,PLANT-03,2025-09,100,EA,261,1,SYN-01,SYN-1018-013,0001
MAT-1018,PLANT-03,2025-10,100,EA,261,1,SYN-01,SYN-1018-014,0001
MAT-1018,PLANT-03,2025-11,100,EA,261,1,SYN-01,SYN-1018-015,0001
MAT-1018,PLANT-03,2025-12,100,EA,261,1,SYN-01,SYN-1018-016,0001
MAT-1018,PLANT-03,2026-01,100,EA,261,1,SYN-01,SYN-1018-017,0001
MAT-1018,PLANT-03,2026-02,100,EA,261,1,SYN-01,SYN-1018-018,0001
MAT-1018,PLANT-03,2026-03,100,EA,261,1,SYN-01,SYN-1018-019,0001
MAT-1018,PLANT-03,2026-04,100,EA,261,1,SYN-01,SYN-1018-020,0001
MAT-1018,PLANT-03,2026-05,100,EA,261,1,SYN-01,SYN-1018-021,0001
MAT-1018,PLANT-03,2026-06,100,EA,261,1,SYN-01,SYN-1018-022,0001
MAT-1018,PLANT-03,2026-07,100,EA,261,1,SYN-01,SYN-1018-023,0001
MAT-1018,PLANT-03,2026-08,100,EA,261,1,SYN-01,SYN-1018-024,0001
MAT-1019,PLANT-04,2024-09,100,EA,261,1,SYN-01,SYN-1019-001,0001
MAT-1019,PLANT-04,2024-10,100,EA,261,1,SYN-01,SYN-1019-002,0001
MAT-1019,PLANT-04,2024-11,100,EA,261,1,SYN-01,SYN-1019-003,0001
MAT-1019,PLANT-04,2024-12,100,EA,261,1,SYN-01,SYN-1019-004,0001
MAT-1019,PLANT-04,2025-01,100,EA,261,1,SYN-01,SYN-1019-005,0001
MAT-1019,PLANT-04,2025-02,100,EA,261,1,SYN-01,SYN-1019-006,0001
MAT-1019,PLANT-04,2025-03,100,EA,261,1,SYN-01,SYN-1019-007,0001
MAT-1019,PLANT-04,2025-04,100,EA,261,1,SYN-01,SYN-1019-008,0001
MAT-1019,PLANT-04,2025-05,100,EA,261,1,SYN-01,SYN-1019-009,0001
MAT-1019,PLANT-04,2025-06,100,EA,261,1,SYN-01,SYN-1019-010,0001
MAT-1019,PLANT-04,2025-07,100,EA,261,1,SYN-01,SYN-1019-011,0001
MAT-1019,PLANT-04,2025-08,100,EA,261,1,SYN-01,SYN-1019-012,0001
MAT-1019,PLANT-04,2025-09,100,EA,261,1,SYN-01,SYN-1019-013,0001
MAT-1019,PLANT-04,2025-10,100,EA,261,1,SYN-01,SYN-1019-014,0001
MAT-1019,PLANT-04,2025-11,100,EA,261,1,SYN-01,SYN-1019-015,0001
MAT-1019,PLANT-04,2025-12,100,EA,261,1,SYN-01,SYN-1019-016,0001
MAT-1019,PLANT-04,2026-01,100,EA,261,1,SYN-01,SYN-1019-017,0001
MAT-1019,PLANT-04,2026-02,100,EA,261,1,SYN-01,SYN-1019-018,0001
MAT-1019,PLANT-04,2026-03,100,EA,261,1,SYN-01,SYN-1019-019,0001
MAT-1019,PLANT-04,2026-04,100,EA,261,1,SYN-01,SYN-1019-020,0001
MAT-1019,PLANT-04,2026-05,100,EA,261,1,SYN-01,SYN-1019-021,0001
MAT-1019,PLANT-04,2026-06,100,EA,261,1,SYN-01,SYN-1019-022,0001
MAT-1019,PLANT-04,2026-07,100,EA,261,1,SYN-01,SYN-1019-023,0001
MAT-1019,PLANT-04,2026-08,100,EA,261,1,SYN-01,SYN-1019-024,0001
MAT-1020,PLANT-01,2024-09,100,EA,261,1,SYN-01,SYN-1020-001,0001
MAT-1020,PLANT-01,2024-10,100,EA,261,1,SYN-01,SYN-1020-002,0001
MAT-1020,PLANT-01,2024-11,100,EA,261,1,SYN-01,SYN-1020-003,0001
MAT-1020,PLANT-01,2024-12,100,EA,261,1,SYN-01,SYN-1020-004,0001
MAT-1020,PLANT-01,2025-01,100,EA,261,1,SYN-01,SYN-1020-005,0001
MAT-1020,PLANT-01,2025-02,100,EA,261,1,SYN-01,SYN-1020-006,0001
MAT-1020,PLANT-01,2025-03,100,EA,261,1,SYN-01,SYN-1020-007,0001
MAT-1020,PLANT-01,2025-04,100,EA,261,1,SYN-01,SYN-1020-008,0001
MAT-1020,PLANT-01,2025-05,100,EA,261,1,SYN-01,SYN-1020-009,0001
MAT-1020,PLANT-01,2025-06,100,EA,261,1,SYN-01,SYN-1020-010,0001
MAT-1020,PLANT-01,2025-07,100,EA,261,1,SYN-01,SYN-1020-011,0001
MAT-1020,PLANT-01,2025-08,100,EA,261,1,SYN-01,SYN-1020-012,0001
MAT-1020,PLANT-01,2025-09,100,EA,261,1,SYN-01,SYN-1020-013,0001
MAT-1020,PLANT-01,2025-10,100,EA,261,1,SYN-01,SYN-1020-014,0001
MAT-1020,PLANT-01,2025-11,100,EA,261,1,SYN-01,SYN-1020-015,0001
MAT-1020,PLANT-01,2025-12,100,EA,261,1,SYN-01,SYN-1020-016,0001
MAT-1020,PLANT-01,2026-01,100,EA,261,1,SYN-01,SYN-1020-017,0001
MAT-1020,PLANT-01,2026-02,100,EA,261,1,SYN-01,SYN-1020-018,0001
MAT-1020,PLANT-01,2026-03,100,EA,261,1,SYN-01,SYN-1020-019,0001
MAT-1020,PLANT-01,2026-04,100,EA,261,1,SYN-01,SYN-1020-020,0001
MAT-1020,PLANT-01,2026-05,100,EA,261,1,SYN-01,SYN-1020-021,0001
MAT-1020,PLANT-01,2026-06,100,EA,261,1,SYN-01,SYN-1020-022,0001
MAT-1020,PLANT-01,2026-07,100,EA,261,1,SYN-01,SYN-1020-023,0001
MAT-1020,PLANT-01,2026-08,100,EA,261,1,SYN-01,SYN-1020-024,0001
MAT-1021,PLANT-02,2024-09,100,EA,261,1,SYN-01,SYN-1021-001,0001
MAT-1021,PLANT-02,2024-10,100,EA,261,1,SYN-01,SYN-1021-002,0001
MAT-1021,PLANT-02,2024-11,100,EA,261,1,SYN-01,SYN-1021-003,0001
MAT-1021,PLANT-02,2024-12,100,EA,261,1,SYN-01,SYN-1021-004,0001
MAT-1021,PLANT-02,2025-01,100,EA,261,1,SYN-01,SYN-1021-005,0001
MAT-1021,PLANT-02,2025-02,100,EA,261,1,SYN-01,SYN-1021-006,0001
MAT-1021,PLANT-02,2025-03,100,EA,261,1,SYN-01,SYN-1021-007,0001
MAT-1021,PLANT-02,2025-04,100,EA,261,1,SYN-01,SYN-1021-008,0001
MAT-1021,PLANT-02,2025-05,100,EA,261,1,SYN-01,SYN-1021-009,0001
MAT-1021,PLANT-02,2025-06,100,EA,261,1,SYN-01,SYN-1021-010,0001
MAT-1021,PLANT-02,2025-07,100,EA,261,1,SYN-01,SYN-1021-011,0001
MAT-1021,PLANT-02,2025-08,100,EA,261,1,SYN-01,SYN-1021-012,0001
MAT-1021,PLANT-02,2025-09,100,EA,261,1,SYN-01,SYN-1021-013,0001
MAT-1021,PLANT-02,2025-10,100,EA,261,1,SYN-01,SYN-1021-014,0001
MAT-1021,PLANT-02,2025-11,100,EA,261,1,SYN-01,SYN-1021-015,0001
MAT-1021,PLANT-02,2025-12,100,EA,261,1,SYN-01,SYN-1021-016,0001
MAT-1021,PLANT-02,2026-01,100,EA,261,1,SYN-01,SYN-1021-017,0001
MAT-1021,PLANT-02,2026-02,100,EA,261,1,SYN-01,SYN-1021-018,0001
MAT-1021,PLANT-02,2026-03,100,EA,261,1,SYN-01,SYN-1021-019,0001
MAT-1021,PLANT-02,2026-04,100,EA,261,1,SYN-01,SYN-1021-020,0001
MAT-1021,PLANT-02,2026-05,100,EA,261,1,SYN-01,SYN-1021-021,0001
MAT-1021,PLANT-02,2026-06,100,EA,261,1,SYN-01,SYN-1021-022,0001
MAT-1021,PLANT-02,2026-07,100,EA,261,1,SYN-01,SYN-1021-023,0001
MAT-1021,PLANT-02,2026-08,100,EA,261,1,SYN-01,SYN-1021-024,0001
MAT-1022,PLANT-03,2024-09,200,EA,261,1,SYN-01,SYN-1022-001,0001
MAT-1022,PLANT-03,2024-10,200,EA,261,1,SYN-01,SYN-1022-002,0001
MAT-1022,PLANT-03,2024-11,200,EA,261,1,SYN-01,SYN-1022-003,0001
MAT-1022,PLANT-03,2024-12,200,EA,261,1,SYN-01,SYN-1022-004,0001
MAT-1022,PLANT-03,2025-01,200,EA,261,1,SYN-01,SYN-1022-005,0001
MAT-1022,PLANT-03,2025-02,200,EA,261,1,SYN-01,SYN-1022-006,0001
MAT-1022,PLANT-03,2025-03,200,EA,261,1,SYN-01,SYN-1022-007,0001
MAT-1022,PLANT-03,2025-04,200,EA,261,1,SYN-01,SYN-1022-008,0001
MAT-1022,PLANT-03,2025-05,200,EA,261,1,SYN-01,SYN-1022-009,0001
MAT-1022,PLANT-03,2025-06,200,EA,261,1,SYN-01,SYN-1022-010,0001
MAT-1022,PLANT-03,2025-07,200,EA,261,1,SYN-01,SYN-1022-011,0001
MAT-1022,PLANT-03,2025-08,200,EA,261,1,SYN-01,SYN-1022-012,0001
MAT-1022,PLANT-03,2025-09,200,EA,261,1,SYN-01,SYN-1022-013,0001
MAT-1022,PLANT-03,2025-10,200,EA,261,1,SYN-01,SYN-1022-014,0001
MAT-1022,PLANT-03,2025-11,200,EA,261,1,SYN-01,SYN-1022-015,0001
MAT-1022,PLANT-03,2025-12,200,EA,261,1,SYN-01,SYN-1022-016,0001
MAT-1022,PLANT-03,2026-01,200,EA,261,1,SYN-01,SYN-1022-017,0001
MAT-1022,PLANT-03,2026-02,200,EA,261,1,SYN-01,SYN-1022-018,0001
MAT-1022,PLANT-03,2026-03,160,EA,261,1,SYN-01,SYN-1022-019,0001
MAT-1022,PLANT-03,2026-04,160,EA,261,1,SYN-01,SYN-1022-020,0001
MAT-1022,PLANT-03,2026-05,160,EA,261,1,SYN-01,SYN-1022-021,0001
MAT-1022,PLANT-03,2026-06,80,EA,261,1,SYN-01,SYN-1022-022,0001
MAT-1022,PLANT-03,2026-07,80,EA,261,1,SYN-01,SYN-1022-023,0001
MAT-1022,PLANT-03,2026-08,80,EA,261,1,SYN-01,SYN-1022-024,0001
MAT-1023,PLANT-04,2024-09,200,EA,261,1,SYN-01,SYN-1023-001,0001
MAT-1023,PLANT-04,2024-10,200,EA,261,1,SYN-01,SYN-1023-002,0001
MAT-1023,PLANT-04,2024-11,200,EA,261,1,SYN-01,SYN-1023-003,0001
MAT-1023,PLANT-04,2024-12,200,EA,261,1,SYN-01,SYN-1023-004,0001
MAT-1023,PLANT-04,2025-01,200,EA,261,1,SYN-01,SYN-1023-005,0001
MAT-1023,PLANT-04,2025-02,200,EA,261,1,SYN-01,SYN-1023-006,0001
MAT-1023,PLANT-04,2025-03,200,EA,261,1,SYN-01,SYN-1023-007,0001
MAT-1023,PLANT-04,2025-04,200,EA,261,1,SYN-01,SYN-1023-008,0001
MAT-1023,PLANT-04,2025-05,200,EA,261,1,SYN-01,SYN-1023-009,0001
MAT-1023,PLANT-04,2025-06,200,EA,261,1,SYN-01,SYN-1023-010,0001
MAT-1023,PLANT-04,2025-07,200,EA,261,1,SYN-01,SYN-1023-011,0001
MAT-1023,PLANT-04,2025-08,200,EA,261,1,SYN-01,SYN-1023-012,0001
MAT-1023,PLANT-04,2025-09,200,EA,261,1,SYN-01,SYN-1023-013,0001
MAT-1023,PLANT-04,2025-10,200,EA,261,1,SYN-01,SYN-1023-014,0001
MAT-1023,PLANT-04,2025-11,200,EA,261,1,SYN-01,SYN-1023-015,0001
MAT-1023,PLANT-04,2025-12,200,EA,261,1,SYN-01,SYN-1023-016,0001
MAT-1023,PLANT-04,2026-01,200,EA,261,1,SYN-01,SYN-1023-017,0001
MAT-1023,PLANT-04,2026-02,200,EA,261,1,SYN-01,SYN-1023-018,0001
MAT-1023,PLANT-04,2026-03,160,EA,261,1,SYN-01,SYN-1023-019,0001
MAT-1023,PLANT-04,2026-04,160,EA,261,1,SYN-01,SYN-1023-020,0001
MAT-1023,PLANT-04,2026-05,160,EA,261,1,SYN-01,SYN-1023-021,0001
MAT-1023,PLANT-04,2026-06,80,EA,261,1,SYN-01,SYN-1023-022,0001
MAT-1023,PLANT-04,2026-07,80,EA,261,1,SYN-01,SYN-1023-023,0001
MAT-1023,PLANT-04,2026-08,80,EA,261,1,SYN-01,SYN-1023-024,0001
MAT-1024,PLANT-01,2024-09,200,EA,261,1,SYN-01,SYN-1024-001,0001
MAT-1024,PLANT-01,2024-10,200,EA,261,1,SYN-01,SYN-1024-002,0001
MAT-1024,PLANT-01,2024-11,200,EA,261,1,SYN-01,SYN-1024-003,0001
MAT-1024,PLANT-01,2024-12,200,EA,261,1,SYN-01,SYN-1024-004,0001
MAT-1024,PLANT-01,2025-01,200,EA,261,1,SYN-01,SYN-1024-005,0001
MAT-1024,PLANT-01,2025-02,200,EA,261,1,SYN-01,SYN-1024-006,0001
MAT-1024,PLANT-01,2025-03,200,EA,261,1,SYN-01,SYN-1024-007,0001
MAT-1024,PLANT-01,2025-04,200,EA,261,1,SYN-01,SYN-1024-008,0001
MAT-1024,PLANT-01,2025-05,200,EA,261,1,SYN-01,SYN-1024-009,0001
MAT-1024,PLANT-01,2025-06,200,EA,261,1,SYN-01,SYN-1024-010,0001
MAT-1024,PLANT-01,2025-07,200,EA,261,1,SYN-01,SYN-1024-011,0001
MAT-1024,PLANT-01,2025-08,200,EA,261,1,SYN-01,SYN-1024-012,0001
MAT-1024,PLANT-01,2025-09,200,EA,261,1,SYN-01,SYN-1024-013,0001
MAT-1024,PLANT-01,2025-10,200,EA,261,1,SYN-01,SYN-1024-014,0001
MAT-1024,PLANT-01,2025-11,200,EA,261,1,SYN-01,SYN-1024-015,0001
MAT-1024,PLANT-01,2025-12,200,EA,261,1,SYN-01,SYN-1024-016,0001
MAT-1024,PLANT-01,2026-01,200,EA,261,1,SYN-01,SYN-1024-017,0001
MAT-1024,PLANT-01,2026-02,200,EA,261,1,SYN-01,SYN-1024-018,0001
MAT-1024,PLANT-01,2026-03,160,EA,261,1,SYN-01,SYN-1024-019,0001
MAT-1024,PLANT-01,2026-04,160,EA,261,1,SYN-01,SYN-1024-020,0001
MAT-1024,PLANT-01,2026-05,160,EA,261,1,SYN-01,SYN-1024-021,0001
MAT-1024,PLANT-01,2026-06,80,EA,261,1,SYN-01,SYN-1024-022,0001
MAT-1024,PLANT-01,2026-07,80,EA,261,1,SYN-01,SYN-1024-023,0001
MAT-1024,PLANT-01,2026-08,80,EA,261,1,SYN-01,SYN-1024-024,0001
MAT-1025,PLANT-02,2024-09,200,EA,261,1,SYN-01,SYN-1025-001,0001
MAT-1025,PLANT-02,2024-10,200,EA,261,1,SYN-01,SYN-1025-002,0001
MAT-1025,PLANT-02,2024-11,200,EA,261,1,SYN-01,SYN-1025-003,0001
MAT-1025,PLANT-02,2024-12,200,EA,261,1,SYN-01,SYN-1025-004,0001
MAT-1025,PLANT-02,2025-01,200,EA,261,1,SYN-01,SYN-1025-005,0001
MAT-1025,PLANT-02,2025-02,200,EA,261,1,SYN-01,SYN-1025-006,0001
MAT-1025,PLANT-02,2025-03,200,EA,261,1,SYN-01,SYN-1025-007,0001
MAT-1025,PLANT-02,2025-04,200,EA,261,1,SYN-01,SYN-1025-008,0001
MAT-1025,PLANT-02,2025-05,200,EA,261,1,SYN-01,SYN-1025-009,0001
MAT-1025,PLANT-02,2025-06,200,EA,261,1,SYN-01,SYN-1025-010,0001
MAT-1025,PLANT-02,2025-07,200,EA,261,1,SYN-01,SYN-1025-011,0001
MAT-1025,PLANT-02,2025-08,200,EA,261,1,SYN-01,SYN-1025-012,0001
MAT-1025,PLANT-02,2025-09,200,EA,261,1,SYN-01,SYN-1025-013,0001
MAT-1025,PLANT-02,2025-10,200,EA,261,1,SYN-01,SYN-1025-014,0001
MAT-1025,PLANT-02,2025-11,200,EA,261,1,SYN-01,SYN-1025-015,0001
MAT-1025,PLANT-02,2025-12,200,EA,261,1,SYN-01,SYN-1025-016,0001
MAT-1025,PLANT-02,2026-01,200,EA,261,1,SYN-01,SYN-1025-017,0001
MAT-1025,PLANT-02,2026-02,200,EA,261,1,SYN-01,SYN-1025-018,0001
MAT-1025,PLANT-02,2026-03,160,EA,261,1,SYN-01,SYN-1025-019,0001
MAT-1025,PLANT-02,2026-04,160,EA,261,1,SYN-01,SYN-1025-020,0001
MAT-1025,PLANT-02,2026-05,160,EA,261,1,SYN-01,SYN-1025-021,0001
MAT-1025,PLANT-02,2026-06,80,EA,261,1,SYN-01,SYN-1025-022,0001
MAT-1025,PLANT-02,2026-07,80,EA,261,1,SYN-01,SYN-1025-023,0001
MAT-1025,PLANT-02,2026-08,80,EA,261,1,SYN-01,SYN-1025-024,0001
MAT-1026,PLANT-03,2024-09,200,EA,261,1,SYN-01,SYN-1026-001,0001
MAT-1026,PLANT-03,2024-10,200,EA,261,1,SYN-01,SYN-1026-002,0001
MAT-1026,PLANT-03,2024-11,200,EA,261,1,SYN-01,SYN-1026-003,0001
MAT-1026,PLANT-03,2024-12,200,EA,261,1,SYN-01,SYN-1026-004,0001
MAT-1026,PLANT-03,2025-01,200,EA,261,1,SYN-01,SYN-1026-005,0001
MAT-1026,PLANT-03,2025-02,200,EA,261,1,SYN-01,SYN-1026-006,0001
MAT-1026,PLANT-03,2025-03,200,EA,261,1,SYN-01,SYN-1026-007,0001
MAT-1026,PLANT-03,2025-04,200,EA,261,1,SYN-01,SYN-1026-008,0001
MAT-1026,PLANT-03,2025-05,200,EA,261,1,SYN-01,SYN-1026-009,0001
MAT-1026,PLANT-03,2025-06,200,EA,261,1,SYN-01,SYN-1026-010,0001
MAT-1026,PLANT-03,2025-07,200,EA,261,1,SYN-01,SYN-1026-011,0001
MAT-1026,PLANT-03,2025-08,200,EA,261,1,SYN-01,SYN-1026-012,0001
MAT-1026,PLANT-03,2025-09,200,EA,261,1,SYN-01,SYN-1026-013,0001
MAT-1026,PLANT-03,2025-10,200,EA,261,1,SYN-01,SYN-1026-014,0001
MAT-1026,PLANT-03,2025-11,200,EA,261,1,SYN-01,SYN-1026-015,0001
MAT-1026,PLANT-03,2025-12,200,EA,261,1,SYN-01,SYN-1026-016,0001
MAT-1026,PLANT-03,2026-01,200,EA,261,1,SYN-01,SYN-1026-017,0001
MAT-1026,PLANT-03,2026-02,200,EA,261,1,SYN-01,SYN-1026-018,0001
MAT-1026,PLANT-03,2026-03,160,EA,261,1,SYN-01,SYN-1026-019,0001
MAT-1026,PLANT-03,2026-04,160,EA,261,1,SYN-01,SYN-1026-020,0001
MAT-1026,PLANT-03,2026-05,160,EA,261,1,SYN-01,SYN-1026-021,0001
MAT-1026,PLANT-03,2026-06,80,EA,261,1,SYN-01,SYN-1026-022,0001
MAT-1026,PLANT-03,2026-07,80,EA,261,1,SYN-01,SYN-1026-023,0001
MAT-1026,PLANT-03,2026-08,80,EA,261,1,SYN-01,SYN-1026-024,0001
MAT-1027,PLANT-04,2024-09,100,EA,261,1,SYN-01,SYN-1027-001,0001
MAT-1027,PLANT-04,2024-10,100,EA,261,1,SYN-01,SYN-1027-002,0001
MAT-1027,PLANT-04,2024-11,100,EA,261,1,SYN-01,SYN-1027-003,0001
MAT-1027,PLANT-04,2024-12,100,EA,261,1,SYN-01,SYN-1027-004,0001
MAT-1027,PLANT-04,2025-01,100,EA,261,1,SYN-01,SYN-1027-005,0001
MAT-1027,PLANT-04,2025-02,100,EA,261,1,SYN-01,SYN-1027-006,0001
MAT-1027,PLANT-04,2025-03,100,EA,261,1,SYN-01,SYN-1027-007,0001
MAT-1027,PLANT-04,2025-04,100,EA,261,1,SYN-01,SYN-1027-008,0001
MAT-1027,PLANT-04,2025-05,100,EA,261,1,SYN-01,SYN-1027-009,0001
MAT-1027,PLANT-04,2025-06,100,EA,261,1,SYN-01,SYN-1027-010,0001
MAT-1027,PLANT-04,2025-07,100,EA,261,1,SYN-01,SYN-1027-011,0001
MAT-1027,PLANT-04,2025-08,100,EA,261,1,SYN-01,SYN-1027-012,0001
MAT-1027,PLANT-04,2025-09,100,EA,261,1,SYN-01,SYN-1027-013,0001
MAT-1027,PLANT-04,2025-10,100,EA,261,1,SYN-01,SYN-1027-014,0001
MAT-1027,PLANT-04,2025-11,100,EA,261,1,SYN-01,SYN-1027-015,0001
MAT-1027,PLANT-04,2025-12,100,EA,261,1,SYN-01,SYN-1027-016,0001
MAT-1027,PLANT-04,2026-01,100,EA,261,1,SYN-01,SYN-1027-017,0001
MAT-1027,PLANT-04,2026-02,100,EA,261,1,SYN-01,SYN-1027-018,0001
MAT-1027,PLANT-04,2026-03,100,EA,261,1,SYN-01,SYN-1027-019,0001
MAT-1027,PLANT-04,2026-04,100,EA,261,1,SYN-01,SYN-1027-020,0001
MAT-1027,PLANT-04,2026-05,100,EA,261,1,SYN-01,SYN-1027-021,0001
MAT-1027,PLANT-04,2026-06,100,EA,261,1,SYN-01,SYN-1027-022,0001
MAT-1027,PLANT-04,2026-07,100,EA,261,1,SYN-01,SYN-1027-023,0001
MAT-1027,PLANT-04,2026-08,100,EA,261,1,SYN-01,SYN-1027-024,0001
MAT-1028,PLANT-01,2024-09,100,EA,261,1,SYN-01,SYN-1028-001,0001
MAT-1028,PLANT-01,2024-10,100,EA,261,1,SYN-01,SYN-1028-002,0001
MAT-1028,PLANT-01,2024-11,100,EA,261,1,SYN-01,SYN-1028-003,0001
MAT-1028,PLANT-01,2024-12,100,EA,261,1,SYN-01,SYN-1028-004,0001
MAT-1028,PLANT-01,2025-01,100,EA,261,1,SYN-01,SYN-1028-005,0001
MAT-1028,PLANT-01,2025-02,100,EA,261,1,SYN-01,SYN-1028-006,0001
MAT-1028,PLANT-01,2025-03,100,EA,261,1,SYN-01,SYN-1028-007,0001
MAT-1028,PLANT-01,2025-04,100,EA,261,1,SYN-01,SYN-1028-008,0001
MAT-1028,PLANT-01,2025-05,100,EA,261,1,SYN-01,SYN-1028-009,0001
MAT-1028,PLANT-01,2025-06,100,EA,261,1,SYN-01,SYN-1028-010,0001
MAT-1028,PLANT-01,2025-07,100,EA,261,1,SYN-01,SYN-1028-011,0001
MAT-1028,PLANT-01,2025-08,100,EA,261,1,SYN-01,SYN-1028-012,0001
MAT-1028,PLANT-01,2025-09,100,EA,261,1,SYN-01,SYN-1028-013,0001
MAT-1028,PLANT-01,2025-10,100,EA,261,1,SYN-01,SYN-1028-014,0001
MAT-1028,PLANT-01,2025-11,100,EA,261,1,SYN-01,SYN-1028-015,0001
MAT-1028,PLANT-01,2025-12,100,EA,261,1,SYN-01,SYN-1028-016,0001
MAT-1028,PLANT-01,2026-01,100,EA,261,1,SYN-01,SYN-1028-017,0001
MAT-1028,PLANT-01,2026-02,100,EA,261,1,SYN-01,SYN-1028-018,0001
MAT-1028,PLANT-01,2026-03,100,EA,261,1,SYN-01,SYN-1028-019,0001
MAT-1028,PLANT-01,2026-04,100,EA,261,1,SYN-01,SYN-1028-020,0001
MAT-1028,PLANT-01,2026-05,100,EA,261,1,SYN-01,SYN-1028-021,0001
MAT-1028,PLANT-01,2026-06,100,EA,261,1,SYN-01,SYN-1028-022,0001
MAT-1028,PLANT-01,2026-07,100,EA,261,1,SYN-01,SYN-1028-023,0001
MAT-1028,PLANT-01,2026-08,100,EA,261,1,SYN-01,SYN-1028-024,0001
MAT-1029,PLANT-02,2024-09,0,EA,261,1,SYN-01,SYN-1029-001,0001
MAT-1029,PLANT-02,2024-10,0,EA,261,1,SYN-01,SYN-1029-002,0001
MAT-1029,PLANT-02,2024-11,0,EA,261,1,SYN-01,SYN-1029-003,0001
MAT-1029,PLANT-02,2024-12,0,EA,261,1,SYN-01,SYN-1029-004,0001
MAT-1029,PLANT-02,2025-01,0,EA,261,1,SYN-01,SYN-1029-005,0001
MAT-1029,PLANT-02,2025-02,0,EA,261,1,SYN-01,SYN-1029-006,0001
MAT-1029,PLANT-02,2025-03,0,EA,261,1,SYN-01,SYN-1029-007,0001
MAT-1029,PLANT-02,2025-04,0,EA,261,1,SYN-01,SYN-1029-008,0001
MAT-1029,PLANT-02,2025-05,0,EA,261,1,SYN-01,SYN-1029-009,0001
MAT-1029,PLANT-02,2025-06,0,EA,261,1,SYN-01,SYN-1029-010,0001
MAT-1029,PLANT-02,2025-07,0,EA,261,1,SYN-01,SYN-1029-011,0001
MAT-1029,PLANT-02,2025-08,0,EA,261,1,SYN-01,SYN-1029-012,0001
MAT-1029,PLANT-02,2025-09,0,EA,261,1,SYN-01,SYN-1029-013,0001
MAT-1029,PLANT-02,2025-10,0,EA,261,1,SYN-01,SYN-1029-014,0001
MAT-1029,PLANT-02,2025-11,0,EA,261,1,SYN-01,SYN-1029-015,0001
MAT-1029,PLANT-02,2025-12,0,EA,261,1,SYN-01,SYN-1029-016,0001
MAT-1029,PLANT-02,2026-01,0,EA,261,1,SYN-01,SYN-1029-017,0001
MAT-1029,PLANT-02,2026-02,0,EA,261,1,SYN-01,SYN-1029-018,0001
MAT-1029,PLANT-02,2026-03,120,EA,261,1,SYN-01,SYN-1029-019,0001
MAT-1029,PLANT-02,2026-04,0,EA,261,1,SYN-01,SYN-1029-020,0001
MAT-1029,PLANT-02,2026-05,0,EA,261,1,SYN-01,SYN-1029-021,0001
MAT-1029,PLANT-02,2026-06,0,EA,261,1,SYN-01,SYN-1029-022,0001
MAT-1029,PLANT-02,2026-07,0,EA,261,1,SYN-01,SYN-1029-023,0001
MAT-1029,PLANT-02,2026-08,120,EA,261,1,SYN-01,SYN-1029-024,0001
MAT-1030,PLANT-03,2024-09,0,EA,261,1,SYN-01,SYN-1030-001,0001
MAT-1030,PLANT-03,2024-10,0,EA,261,1,SYN-01,SYN-1030-002,0001
MAT-1030,PLANT-03,2024-11,0,EA,261,1,SYN-01,SYN-1030-003,0001
MAT-1030,PLANT-03,2024-12,0,EA,261,1,SYN-01,SYN-1030-004,0001
MAT-1030,PLANT-03,2025-01,0,EA,261,1,SYN-01,SYN-1030-005,0001
MAT-1030,PLANT-03,2025-02,0,EA,261,1,SYN-01,SYN-1030-006,0001
MAT-1030,PLANT-03,2025-03,0,EA,261,1,SYN-01,SYN-1030-007,0001
MAT-1030,PLANT-03,2025-04,0,EA,261,1,SYN-01,SYN-1030-008,0001
MAT-1030,PLANT-03,2025-05,0,EA,261,1,SYN-01,SYN-1030-009,0001
MAT-1030,PLANT-03,2025-06,0,EA,261,1,SYN-01,SYN-1030-010,0001
MAT-1030,PLANT-03,2025-07,0,EA,261,1,SYN-01,SYN-1030-011,0001
MAT-1030,PLANT-03,2025-08,0,EA,261,1,SYN-01,SYN-1030-012,0001
MAT-1030,PLANT-03,2025-09,0,EA,261,1,SYN-01,SYN-1030-013,0001
MAT-1030,PLANT-03,2025-10,0,EA,261,1,SYN-01,SYN-1030-014,0001
MAT-1030,PLANT-03,2025-11,0,EA,261,1,SYN-01,SYN-1030-015,0001
MAT-1030,PLANT-03,2025-12,0,EA,261,1,SYN-01,SYN-1030-016,0001
MAT-1030,PLANT-03,2026-01,0,EA,261,1,SYN-01,SYN-1030-017,0001
MAT-1030,PLANT-03,2026-02,0,EA,261,1,SYN-01,SYN-1030-018,0001
MAT-1030,PLANT-03,2026-03,120,EA,261,1,SYN-01,SYN-1030-019,0001
MAT-1030,PLANT-03,2026-04,0,EA,261,1,SYN-01,SYN-1030-020,0001
MAT-1030,PLANT-03,2026-05,0,EA,261,1,SYN-01,SYN-1030-021,0001
MAT-1030,PLANT-03,2026-06,0,EA,261,1,SYN-01,SYN-1030-022,0001
MAT-1030,PLANT-03,2026-07,0,EA,261,1,SYN-01,SYN-1030-023,0001
MAT-1030,PLANT-03,2026-08,120,EA,261,1,SYN-01,SYN-1030-024,0001
MAT-1031,PLANT-04,2024-09,0,EA,261,1,SYN-01,SYN-1031-001,0001
MAT-1031,PLANT-04,2024-10,0,EA,261,1,SYN-01,SYN-1031-002,0001
MAT-1031,PLANT-04,2024-11,0,EA,261,1,SYN-01,SYN-1031-003,0001
MAT-1031,PLANT-04,2024-12,0,EA,261,1,SYN-01,SYN-1031-004,0001
MAT-1031,PLANT-04,2025-01,0,EA,261,1,SYN-01,SYN-1031-005,0001
MAT-1031,PLANT-04,2025-02,0,EA,261,1,SYN-01,SYN-1031-006,0001
MAT-1031,PLANT-04,2025-03,0,EA,261,1,SYN-01,SYN-1031-007,0001
MAT-1031,PLANT-04,2025-04,0,EA,261,1,SYN-01,SYN-1031-008,0001
MAT-1031,PLANT-04,2025-05,0,EA,261,1,SYN-01,SYN-1031-009,0001
MAT-1031,PLANT-04,2025-06,0,EA,261,1,SYN-01,SYN-1031-010,0001
MAT-1031,PLANT-04,2025-07,0,EA,261,1,SYN-01,SYN-1031-011,0001
MAT-1031,PLANT-04,2025-08,0,EA,261,1,SYN-01,SYN-1031-012,0001
MAT-1031,PLANT-04,2025-09,0,EA,261,1,SYN-01,SYN-1031-013,0001
MAT-1031,PLANT-04,2025-10,0,EA,261,1,SYN-01,SYN-1031-014,0001
MAT-1031,PLANT-04,2025-11,0,EA,261,1,SYN-01,SYN-1031-015,0001
MAT-1031,PLANT-04,2025-12,0,EA,261,1,SYN-01,SYN-1031-016,0001
MAT-1031,PLANT-04,2026-01,0,EA,261,1,SYN-01,SYN-1031-017,0001
MAT-1031,PLANT-04,2026-02,0,EA,261,1,SYN-01,SYN-1031-018,0001
MAT-1031,PLANT-04,2026-03,120,EA,261,1,SYN-01,SYN-1031-019,0001
MAT-1031,PLANT-04,2026-04,0,EA,261,1,SYN-01,SYN-1031-020,0001
MAT-1031,PLANT-04,2026-05,0,EA,261,1,SYN-01,SYN-1031-021,0001
MAT-1031,PLANT-04,2026-06,0,EA,261,1,SYN-01,SYN-1031-022,0001
MAT-1031,PLANT-04,2026-07,0,EA,261,1,SYN-01,SYN-1031-023,0001
MAT-1031,PLANT-04,2026-08,120,EA,261,1,SYN-01,SYN-1031-024,0001
MAT-1032,PLANT-01,2024-09,100,EA,261,1,SYN-01,SYN-1032-001,0001
MAT-1032,PLANT-01,2024-10,100,EA,261,1,SYN-01,SYN-1032-002,0001
MAT-1032,PLANT-01,2024-11,100,EA,261,1,SYN-01,SYN-1032-003,0001
MAT-1032,PLANT-01,2024-12,100,EA,261,1,SYN-01,SYN-1032-004,0001
MAT-1032,PLANT-01,2025-01,100,EA,261,1,SYN-01,SYN-1032-005,0001
MAT-1032,PLANT-01,2025-02,100,EA,261,1,SYN-01,SYN-1032-006,0001
MAT-1032,PLANT-01,2025-03,100,EA,261,1,SYN-01,SYN-1032-007,0001
MAT-1032,PLANT-01,2025-04,100,EA,261,1,SYN-01,SYN-1032-008,0001
MAT-1032,PLANT-01,2025-05,100,EA,261,1,SYN-01,SYN-1032-009,0001
MAT-1032,PLANT-01,2025-06,100,EA,261,1,SYN-01,SYN-1032-010,0001
MAT-1032,PLANT-01,2025-07,100,EA,261,1,SYN-01,SYN-1032-011,0001
MAT-1032,PLANT-01,2025-08,100,EA,261,1,SYN-01,SYN-1032-012,0001
MAT-1032,PLANT-01,2025-09,100,EA,261,1,SYN-01,SYN-1032-013,0001
MAT-1032,PLANT-01,2025-10,100,EA,261,1,SYN-01,SYN-1032-014,0001
MAT-1032,PLANT-01,2025-11,100,EA,261,1,SYN-01,SYN-1032-015,0001
MAT-1032,PLANT-01,2025-12,100,EA,261,1,SYN-01,SYN-1032-016,0001
MAT-1032,PLANT-01,2026-01,100,EA,261,1,SYN-01,SYN-1032-017,0001
MAT-1032,PLANT-01,2026-02,100,EA,261,1,SYN-01,SYN-1032-018,0001
MAT-1032,PLANT-01,2026-03,100,EA,261,1,SYN-01,SYN-1032-019,0001
MAT-1032,PLANT-01,2026-04,100,EA,261,1,SYN-01,SYN-1032-020,0001
MAT-1032,PLANT-01,2026-05,100,EA,261,1,SYN-01,SYN-1032-021,0001
MAT-1032,PLANT-01,2026-06,100,EA,261,1,SYN-01,SYN-1032-022,0001
MAT-1032,PLANT-01,2026-07,100,EA,261,1,SYN-01,SYN-1032-023,0001
MAT-1032,PLANT-01,2026-08,100,EA,261,1,SYN-01,SYN-1032-024,0001
MAT-1033,PLANT-02,2024-09,0,EA,261,1,SYN-01,SYN-1033-001,0001
MAT-1033,PLANT-02,2024-10,0,EA,261,1,SYN-01,SYN-1033-002,0001
MAT-1033,PLANT-02,2024-11,0,EA,261,1,SYN-01,SYN-1033-003,0001
MAT-1033,PLANT-02,2024-12,0,EA,261,1,SYN-01,SYN-1033-004,0001
MAT-1033,PLANT-02,2025-01,0,EA,261,1,SYN-01,SYN-1033-005,0001
MAT-1033,PLANT-02,2025-02,0,EA,261,1,SYN-01,SYN-1033-006,0001
MAT-1033,PLANT-02,2025-03,0,EA,261,1,SYN-01,SYN-1033-007,0001
MAT-1033,PLANT-02,2025-04,0,EA,261,1,SYN-01,SYN-1033-008,0001
MAT-1033,PLANT-02,2025-05,0,EA,261,1,SYN-01,SYN-1033-009,0001
MAT-1033,PLANT-02,2025-06,0,EA,261,1,SYN-01,SYN-1033-010,0001
MAT-1033,PLANT-02,2025-07,0,EA,261,1,SYN-01,SYN-1033-011,0001
MAT-1033,PLANT-02,2025-08,0,EA,261,1,SYN-01,SYN-1033-012,0001
MAT-1033,PLANT-02,2025-09,0,EA,261,1,SYN-01,SYN-1033-013,0001
MAT-1033,PLANT-02,2025-10,0,EA,261,1,SYN-01,SYN-1033-014,0001
MAT-1033,PLANT-02,2025-11,0,EA,261,1,SYN-01,SYN-1033-015,0001
MAT-1033,PLANT-02,2025-12,0,EA,261,1,SYN-01,SYN-1033-016,0001
MAT-1033,PLANT-02,2026-01,0,EA,261,1,SYN-01,SYN-1033-017,0001
MAT-1033,PLANT-02,2026-02,0,EA,261,1,SYN-01,SYN-1033-018,0001
MAT-1033,PLANT-02,2026-03,120,EA,261,1,SYN-01,SYN-1033-019,0001
MAT-1033,PLANT-02,2026-04,0,EA,261,1,SYN-01,SYN-1033-020,0001
MAT-1033,PLANT-02,2026-05,0,EA,261,1,SYN-01,SYN-1033-021,0001
MAT-1033,PLANT-02,2026-06,0,EA,261,1,SYN-01,SYN-1033-022,0001
MAT-1033,PLANT-02,2026-07,0,EA,261,1,SYN-01,SYN-1033-023,0001
MAT-1033,PLANT-02,2026-08,120,EA,261,1,SYN-01,SYN-1033-024,0001
MAT-1034,PLANT-03,2024-09,0,EA,261,1,SYN-01,SYN-1034-001,0001
MAT-1034,PLANT-03,2024-10,0,EA,261,1,SYN-01,SYN-1034-002,0001
MAT-1034,PLANT-03,2024-11,0,EA,261,1,SYN-01,SYN-1034-003,0001
MAT-1034,PLANT-03,2024-12,0,EA,261,1,SYN-01,SYN-1034-004,0001
MAT-1034,PLANT-03,2025-01,0,EA,261,1,SYN-01,SYN-1034-005,0001
MAT-1034,PLANT-03,2025-02,0,EA,261,1,SYN-01,SYN-1034-006,0001
MAT-1034,PLANT-03,2025-03,0,EA,261,1,SYN-01,SYN-1034-007,0001
MAT-1034,PLANT-03,2025-04,0,EA,261,1,SYN-01,SYN-1034-008,0001
MAT-1034,PLANT-03,2025-05,0,EA,261,1,SYN-01,SYN-1034-009,0001
MAT-1034,PLANT-03,2025-06,0,EA,261,1,SYN-01,SYN-1034-010,0001
MAT-1034,PLANT-03,2025-07,0,EA,261,1,SYN-01,SYN-1034-011,0001
MAT-1034,PLANT-03,2025-08,0,EA,261,1,SYN-01,SYN-1034-012,0001
MAT-1034,PLANT-03,2025-09,0,EA,261,1,SYN-01,SYN-1034-013,0001
MAT-1034,PLANT-03,2025-10,0,EA,261,1,SYN-01,SYN-1034-014,0001
MAT-1034,PLANT-03,2025-11,0,EA,261,1,SYN-01,SYN-1034-015,0001
MAT-1034,PLANT-03,2025-12,0,EA,261,1,SYN-01,SYN-1034-016,0001
MAT-1034,PLANT-03,2026-01,0,EA,261,1,SYN-01,SYN-1034-017,0001
MAT-1034,PLANT-03,2026-02,0,EA,261,1,SYN-01,SYN-1034-018,0001
MAT-1034,PLANT-03,2026-03,120,EA,261,1,SYN-01,SYN-1034-019,0001
MAT-1034,PLANT-03,2026-04,0,EA,261,1,SYN-01,SYN-1034-020,0001
MAT-1034,PLANT-03,2026-05,0,EA,261,1,SYN-01,SYN-1034-021,0001
MAT-1034,PLANT-03,2026-06,0,EA,261,1,SYN-01,SYN-1034-022,0001
MAT-1034,PLANT-03,2026-07,0,EA,261,1,SYN-01,SYN-1034-023,0001
MAT-1034,PLANT-03,2026-08,120,EA,261,1,SYN-01,SYN-1034-024,0001
MAT-1035,PLANT-04,2024-09,100,EA,261,1,SYN-01,SYN-1035-001,0001
MAT-1035,PLANT-04,2024-10,100,EA,261,1,SYN-01,SYN-1035-002,0001
MAT-1035,PLANT-04,2024-11,100,EA,261,1,SYN-01,SYN-1035-003,0001
MAT-1035,PLANT-04,2024-12,100,EA,261,1,SYN-01,SYN-1035-004,0001
MAT-1035,PLANT-04,2025-01,100,EA,261,1,SYN-01,SYN-1035-005,0001
MAT-1035,PLANT-04,2025-02,100,EA,261,1,SYN-01,SYN-1035-006,0001
MAT-1035,PLANT-04,2025-03,100,EA,261,1,SYN-01,SYN-1035-007,0001
MAT-1035,PLANT-04,2025-04,100,EA,261,1,SYN-01,SYN-1035-008,0001
MAT-1035,PLANT-04,2025-05,100,EA,261,1,SYN-01,SYN-1035-009,0001
MAT-1035,PLANT-04,2025-06,100,EA,261,1,SYN-01,SYN-1035-010,0001
MAT-1035,PLANT-04,2025-07,100,EA,261,1,SYN-01,SYN-1035-011,0001
MAT-1035,PLANT-04,2025-08,100,EA,261,1,SYN-01,SYN-1035-012,0001
MAT-1035,PLANT-04,2025-09,100,EA,261,1,SYN-01,SYN-1035-013,0001
MAT-1035,PLANT-04,2025-10,100,EA,261,1,SYN-01,SYN-1035-014,0001
MAT-1035,PLANT-04,2025-11,100,EA,261,1,SYN-01,SYN-1035-015,0001
MAT-1035,PLANT-04,2025-12,100,EA,261,1,SYN-01,SYN-1035-016,0001
MAT-1035,PLANT-04,2026-01,100,EA,261,1,SYN-01,SYN-1035-017,0001
MAT-1035,PLANT-04,2026-02,100,EA,261,1,SYN-01,SYN-1035-018,0001
MAT-1035,PLANT-04,2026-03,100,EA,261,1,SYN-01,SYN-1035-019,0001
MAT-1035,PLANT-04,2026-04,100,EA,261,1,SYN-01,SYN-1035-020,0001
MAT-1035,PLANT-04,2026-05,100,EA,261,1,SYN-01,SYN-1035-021,0001
MAT-1035,PLANT-04,2026-06,100,EA,261,1,SYN-01,SYN-1035-022,0001
MAT-1035,PLANT-04,2026-07,100,EA,261,1,SYN-01,SYN-1035-023,0001
MAT-1035,PLANT-04,2026-08,100,EA,261,1,SYN-01,SYN-1035-024,0001
MAT-1036,PLANT-01,2024-09,100,EA,261,1,SYN-01,SYN-1036-001,0001
MAT-1036,PLANT-01,2024-10,100,EA,261,1,SYN-01,SYN-1036-002,0001
MAT-1036,PLANT-01,2024-11,100,EA,261,1,SYN-01,SYN-1036-003,0001
MAT-1036,PLANT-01,2024-12,100,EA,261,1,SYN-01,SYN-1036-004,0001
MAT-1036,PLANT-01,2025-01,100,EA,261,1,SYN-01,SYN-1036-005,0001
MAT-1036,PLANT-01,2025-02,100,EA,261,1,SYN-01,SYN-1036-006,0001
MAT-1036,PLANT-01,2025-03,100,EA,261,1,SYN-01,SYN-1036-007,0001
MAT-1036,PLANT-01,2025-04,100,EA,261,1,SYN-01,SYN-1036-008,0001
MAT-1036,PLANT-01,2025-05,100,EA,261,1,SYN-01,SYN-1036-009,0001
MAT-1036,PLANT-01,2025-06,100,EA,261,1,SYN-01,SYN-1036-010,0001
MAT-1036,PLANT-01,2025-07,100,EA,261,1,SYN-01,SYN-1036-011,0001
MAT-1036,PLANT-01,2025-08,100,EA,261,1,SYN-01,SYN-1036-012,0001
MAT-1036,PLANT-01,2025-09,100,EA,261,1,SYN-01,SYN-1036-013,0001
MAT-1036,PLANT-01,2025-10,100,EA,261,1,SYN-01,SYN-1036-014,0001
MAT-1036,PLANT-01,2025-11,100,EA,261,1,SYN-01,SYN-1036-015,0001
MAT-1036,PLANT-01,2025-12,100,EA,261,1,SYN-01,SYN-1036-016,0001
MAT-1036,PLANT-01,2026-01,100,EA,261,1,SYN-01,SYN-1036-017,0001
MAT-1036,PLANT-01,2026-02,100,EA,261,1,SYN-01,SYN-1036-018,0001
MAT-1036,PLANT-01,2026-03,100,EA,261,1,SYN-01,SYN-1036-019,0001
MAT-1036,PLANT-01,2026-04,100,EA,261,1,SYN-01,SYN-1036-020,0001
MAT-1036,PLANT-01,2026-05,100,EA,261,1,SYN-01,SYN-1036-021,0001
MAT-1036,PLANT-01,2026-06,100,EA,261,1,SYN-01,SYN-1036-022,0001
MAT-1036,PLANT-01,2026-07,100,EA,261,1,SYN-01,SYN-1036-023,0001
MAT-1036,PLANT-01,2026-08,100,EA,261,1,SYN-01,SYN-1036-024,0001
MAT-1037,PLANT-02,2024-09,0,EA,261,1,SYN-01,SYN-1037-001,0001
MAT-1037,PLANT-02,2024-10,0,EA,261,1,SYN-01,SYN-1037-002,0001
MAT-1037,PLANT-02,2024-11,0,EA,261,1,SYN-01,SYN-1037-003,0001
MAT-1037,PLANT-02,2024-12,0,EA,261,1,SYN-01,SYN-1037-004,0001
MAT-1037,PLANT-02,2025-01,0,EA,261,1,SYN-01,SYN-1037-005,0001
MAT-1037,PLANT-02,2025-02,0,EA,261,1,SYN-01,SYN-1037-006,0001
MAT-1037,PLANT-02,2025-03,0,EA,261,1,SYN-01,SYN-1037-007,0001
MAT-1037,PLANT-02,2025-04,0,EA,261,1,SYN-01,SYN-1037-008,0001
MAT-1037,PLANT-02,2025-05,0,EA,261,1,SYN-01,SYN-1037-009,0001
MAT-1037,PLANT-02,2025-06,0,EA,261,1,SYN-01,SYN-1037-010,0001
MAT-1037,PLANT-02,2025-07,0,EA,261,1,SYN-01,SYN-1037-011,0001
MAT-1037,PLANT-02,2025-08,0,EA,261,1,SYN-01,SYN-1037-012,0001
MAT-1037,PLANT-02,2025-09,0,EA,261,1,SYN-01,SYN-1037-013,0001
MAT-1037,PLANT-02,2025-10,0,EA,261,1,SYN-01,SYN-1037-014,0001
MAT-1037,PLANT-02,2025-11,0,EA,261,1,SYN-01,SYN-1037-015,0001
MAT-1037,PLANT-02,2025-12,20,EA,261,1,SYN-01,SYN-1037-016,0001
MAT-1037,PLANT-02,2026-01,0,EA,261,1,SYN-01,SYN-1037-017,0001
MAT-1037,PLANT-02,2026-02,0,EA,261,1,SYN-01,SYN-1037-018,0001
MAT-1037,PLANT-02,2026-03,0,EA,261,1,SYN-01,SYN-1037-019,0001
MAT-1037,PLANT-02,2026-04,0,EA,261,1,SYN-01,SYN-1037-020,0001
MAT-1037,PLANT-02,2026-05,0,EA,261,1,SYN-01,SYN-1037-021,0001
MAT-1037,PLANT-02,2026-06,0,EA,261,1,SYN-01,SYN-1037-022,0001
MAT-1037,PLANT-02,2026-07,0,EA,261,1,SYN-01,SYN-1037-023,0001
MAT-1037,PLANT-02,2026-08,0,EA,261,1,SYN-01,SYN-1037-024,0001
MAT-1038,PLANT-03,2024-09,0,EA,261,1,SYN-01,SYN-1038-001,0001
MAT-1038,PLANT-03,2024-10,0,EA,261,1,SYN-01,SYN-1038-002,0001
MAT-1038,PLANT-03,2024-11,0,EA,261,1,SYN-01,SYN-1038-003,0001
MAT-1038,PLANT-03,2024-12,0,EA,261,1,SYN-01,SYN-1038-004,0001
MAT-1038,PLANT-03,2025-01,0,EA,261,1,SYN-01,SYN-1038-005,0001
MAT-1038,PLANT-03,2025-02,0,EA,261,1,SYN-01,SYN-1038-006,0001
MAT-1038,PLANT-03,2025-03,0,EA,261,1,SYN-01,SYN-1038-007,0001
MAT-1038,PLANT-03,2025-04,0,EA,261,1,SYN-01,SYN-1038-008,0001
MAT-1038,PLANT-03,2025-05,0,EA,261,1,SYN-01,SYN-1038-009,0001
MAT-1038,PLANT-03,2025-06,0,EA,261,1,SYN-01,SYN-1038-010,0001
MAT-1038,PLANT-03,2025-07,0,EA,261,1,SYN-01,SYN-1038-011,0001
MAT-1038,PLANT-03,2025-08,0,EA,261,1,SYN-01,SYN-1038-012,0001
MAT-1038,PLANT-03,2025-09,0,EA,261,1,SYN-01,SYN-1038-013,0001
MAT-1038,PLANT-03,2025-10,0,EA,261,1,SYN-01,SYN-1038-014,0001
MAT-1038,PLANT-03,2025-11,0,EA,261,1,SYN-01,SYN-1038-015,0001
MAT-1038,PLANT-03,2025-12,20,EA,261,1,SYN-01,SYN-1038-016,0001
MAT-1038,PLANT-03,2026-01,0,EA,261,1,SYN-01,SYN-1038-017,0001
MAT-1038,PLANT-03,2026-02,0,EA,261,1,SYN-01,SYN-1038-018,0001
MAT-1038,PLANT-03,2026-03,0,EA,261,1,SYN-01,SYN-1038-019,0001
MAT-1038,PLANT-03,2026-04,0,EA,261,1,SYN-01,SYN-1038-020,0001
MAT-1038,PLANT-03,2026-05,0,EA,261,1,SYN-01,SYN-1038-021,0001
MAT-1038,PLANT-03,2026-06,0,EA,261,1,SYN-01,SYN-1038-022,0001
MAT-1038,PLANT-03,2026-07,0,EA,261,1,SYN-01,SYN-1038-023,0001
MAT-1038,PLANT-03,2026-08,0,EA,261,1,SYN-01,SYN-1038-024,0001
MAT-1039,PLANT-04,2024-09,100,EA,261,1,SYN-01,SYN-1039-001,0001
MAT-1039,PLANT-04,2024-10,100,EA,261,1,SYN-01,SYN-1039-002,0001
MAT-1039,PLANT-04,2024-11,100,EA,261,1,SYN-01,SYN-1039-003,0001
MAT-1039,PLANT-04,2024-12,100,EA,261,1,SYN-01,SYN-1039-004,0001
MAT-1039,PLANT-04,2025-01,100,EA,261,1,SYN-01,SYN-1039-005,0001
MAT-1039,PLANT-04,2025-02,100,EA,261,1,SYN-01,SYN-1039-006,0001
MAT-1039,PLANT-04,2025-03,100,EA,261,1,SYN-01,SYN-1039-007,0001
MAT-1039,PLANT-04,2025-04,100,EA,261,1,SYN-01,SYN-1039-008,0001
MAT-1039,PLANT-04,2025-05,100,EA,261,1,SYN-01,SYN-1039-009,0001
MAT-1039,PLANT-04,2025-06,100,EA,261,1,SYN-01,SYN-1039-010,0001
MAT-1039,PLANT-04,2025-07,100,EA,261,1,SYN-01,SYN-1039-011,0001
MAT-1039,PLANT-04,2025-08,100,EA,261,1,SYN-01,SYN-1039-012,0001
MAT-1039,PLANT-04,2025-09,100,EA,261,1,SYN-01,SYN-1039-013,0001
MAT-1039,PLANT-04,2025-10,100,EA,261,1,SYN-01,SYN-1039-014,0001
MAT-1039,PLANT-04,2025-11,100,EA,261,1,SYN-01,SYN-1039-015,0001
MAT-1039,PLANT-04,2025-12,100,EA,261,1,SYN-01,SYN-1039-016,0001
MAT-1039,PLANT-04,2026-01,100,EA,261,1,SYN-01,SYN-1039-017,0001
MAT-1039,PLANT-04,2026-02,100,EA,261,1,SYN-01,SYN-1039-018,0001
MAT-1039,PLANT-04,2026-03,100,EA,261,1,SYN-01,SYN-1039-019,0001
MAT-1039,PLANT-04,2026-04,100,EA,261,1,SYN-01,SYN-1039-020,0001
MAT-1039,PLANT-04,2026-05,100,EA,261,1,SYN-01,SYN-1039-021,0001
MAT-1039,PLANT-04,2026-06,100,EA,261,1,SYN-01,SYN-1039-022,0001
MAT-1039,PLANT-04,2026-07,100,EA,261,1,SYN-01,SYN-1039-023,0001
MAT-1039,PLANT-04,2026-08,100,EA,261,1,SYN-01,SYN-1039-024,0001
MAT-1040,PLANT-01,2024-09,0,EA,261,1,SYN-01,SYN-1040-001,0001
MAT-1040,PLANT-01,2024-10,0,EA,261,1,SYN-01,SYN-1040-002,0001
MAT-1040,PLANT-01,2024-11,0,EA,261,1,SYN-01,SYN-1040-003,0001
MAT-1040,PLANT-01,2024-12,0,EA,261,1,SYN-01,SYN-1040-004,0001
MAT-1040,PLANT-01,2025-01,0,EA,261,1,SYN-01,SYN-1040-005,0001
MAT-1040,PLANT-01,2025-02,0,EA,261,1,SYN-01,SYN-1040-006,0001
MAT-1040,PLANT-01,2025-03,0,EA,261,1,SYN-01,SYN-1040-007,0001
MAT-1040,PLANT-01,2025-04,0,EA,261,1,SYN-01,SYN-1040-008,0001
MAT-1040,PLANT-01,2025-05,0,EA,261,1,SYN-01,SYN-1040-009,0001
MAT-1040,PLANT-01,2025-06,0,EA,261,1,SYN-01,SYN-1040-010,0001
MAT-1040,PLANT-01,2025-07,0,EA,261,1,SYN-01,SYN-1040-011,0001
MAT-1040,PLANT-01,2025-08,0,EA,261,1,SYN-01,SYN-1040-012,0001
MAT-1040,PLANT-01,2025-09,0,EA,261,1,SYN-01,SYN-1040-013,0001
MAT-1040,PLANT-01,2025-10,0,EA,261,1,SYN-01,SYN-1040-014,0001
MAT-1040,PLANT-01,2025-11,0,EA,261,1,SYN-01,SYN-1040-015,0001
MAT-1040,PLANT-01,2025-12,20,EA,261,1,SYN-01,SYN-1040-016,0001
MAT-1040,PLANT-01,2026-01,0,EA,261,1,SYN-01,SYN-1040-017,0001
MAT-1040,PLANT-01,2026-02,0,EA,261,1,SYN-01,SYN-1040-018,0001
MAT-1040,PLANT-01,2026-03,0,EA,261,1,SYN-01,SYN-1040-019,0001
MAT-1040,PLANT-01,2026-04,0,EA,261,1,SYN-01,SYN-1040-020,0001
MAT-1040,PLANT-01,2026-05,0,EA,261,1,SYN-01,SYN-1040-021,0001
MAT-1040,PLANT-01,2026-06,0,EA,261,1,SYN-01,SYN-1040-022,0001
MAT-1040,PLANT-01,2026-07,0,EA,261,1,SYN-01,SYN-1040-023,0001
MAT-1040,PLANT-01,2026-08,0,EA,261,1,SYN-01,SYN-1040-024,0001
MAT-1041,PLANT-02,2024-09,0,EA,261,1,SYN-01,SYN-1041-001,0001
MAT-1041,PLANT-02,2024-10,0,EA,261,1,SYN-01,SYN-1041-002,0001
MAT-1041,PLANT-02,2024-11,0,EA,261,1,SYN-01,SYN-1041-003,0001
MAT-1041,PLANT-02,2024-12,0,EA,261,1,SYN-01,SYN-1041-004,0001
MAT-1041,PLANT-02,2025-01,0,EA,261,1,SYN-01,SYN-1041-005,0001
MAT-1041,PLANT-02,2025-02,0,EA,261,1,SYN-01,SYN-1041-006,0001
MAT-1041,PLANT-02,2025-03,0,EA,261,1,SYN-01,SYN-1041-007,0001
MAT-1041,PLANT-02,2025-04,0,EA,261,1,SYN-01,SYN-1041-008,0001
MAT-1041,PLANT-02,2025-05,0,EA,261,1,SYN-01,SYN-1041-009,0001
MAT-1041,PLANT-02,2025-06,0,EA,261,1,SYN-01,SYN-1041-010,0001
MAT-1041,PLANT-02,2025-07,0,EA,261,1,SYN-01,SYN-1041-011,0001
MAT-1041,PLANT-02,2025-08,0,EA,261,1,SYN-01,SYN-1041-012,0001
MAT-1041,PLANT-02,2025-09,0,EA,261,1,SYN-01,SYN-1041-013,0001
MAT-1041,PLANT-02,2025-10,0,EA,261,1,SYN-01,SYN-1041-014,0001
MAT-1041,PLANT-02,2025-11,0,EA,261,1,SYN-01,SYN-1041-015,0001
MAT-1041,PLANT-02,2025-12,20,EA,261,1,SYN-01,SYN-1041-016,0001
MAT-1041,PLANT-02,2026-01,0,EA,261,1,SYN-01,SYN-1041-017,0001
MAT-1041,PLANT-02,2026-02,0,EA,261,1,SYN-01,SYN-1041-018,0001
MAT-1041,PLANT-02,2026-03,0,EA,261,1,SYN-01,SYN-1041-019,0001
MAT-1041,PLANT-02,2026-04,0,EA,261,1,SYN-01,SYN-1041-020,0001
MAT-1041,PLANT-02,2026-05,0,EA,261,1,SYN-01,SYN-1041-021,0001
MAT-1041,PLANT-02,2026-06,0,EA,261,1,SYN-01,SYN-1041-022,0001
MAT-1041,PLANT-02,2026-07,0,EA,261,1,SYN-01,SYN-1041-023,0001
MAT-1041,PLANT-02,2026-08,0,EA,261,1,SYN-01,SYN-1041-024,0001
MAT-1042,PLANT-03,2024-09,0,EA,261,1,SYN-01,SYN-1042-001,0001
MAT-1042,PLANT-03,2024-10,0,EA,261,1,SYN-01,SYN-1042-002,0001
MAT-1042,PLANT-03,2024-11,0,EA,261,1,SYN-01,SYN-1042-003,0001
MAT-1042,PLANT-03,2024-12,50,EA,261,1,SYN-01,SYN-1042-004,0001
MAT-1042,PLANT-03,2025-01,0,EA,261,1,SYN-01,SYN-1042-005,0001
MAT-1042,PLANT-03,2025-02,0,EA,261,1,SYN-01,SYN-1042-006,0001
MAT-1042,PLANT-03,2025-03,0,EA,261,1,SYN-01,SYN-1042-007,0001
MAT-1042,PLANT-03,2025-04,0,EA,261,1,SYN-01,SYN-1042-008,0001
MAT-1042,PLANT-03,2025-05,0,EA,261,1,SYN-01,SYN-1042-009,0001
MAT-1042,PLANT-03,2025-06,0,EA,261,1,SYN-01,SYN-1042-010,0001
MAT-1042,PLANT-03,2025-07,0,EA,261,1,SYN-01,SYN-1042-011,0001
MAT-1042,PLANT-03,2025-08,0,EA,261,1,SYN-01,SYN-1042-012,0001
MAT-1042,PLANT-03,2025-09,0,EA,261,1,SYN-01,SYN-1042-013,0001
MAT-1042,PLANT-03,2025-10,0,EA,261,1,SYN-01,SYN-1042-014,0001
MAT-1042,PLANT-03,2025-11,0,EA,261,1,SYN-01,SYN-1042-015,0001
MAT-1042,PLANT-03,2025-12,0,EA,261,1,SYN-01,SYN-1042-016,0001
MAT-1042,PLANT-03,2026-01,0,EA,261,1,SYN-01,SYN-1042-017,0001
MAT-1042,PLANT-03,2026-02,0,EA,261,1,SYN-01,SYN-1042-018,0001
MAT-1042,PLANT-03,2026-03,0,EA,261,1,SYN-01,SYN-1042-019,0001
MAT-1042,PLANT-03,2026-04,0,EA,261,1,SYN-01,SYN-1042-020,0001
MAT-1042,PLANT-03,2026-05,0,EA,261,1,SYN-01,SYN-1042-021,0001
MAT-1042,PLANT-03,2026-06,0,EA,261,1,SYN-01,SYN-1042-022,0001
MAT-1042,PLANT-03,2026-07,0,EA,261,1,SYN-01,SYN-1042-023,0001
MAT-1042,PLANT-03,2026-08,0,EA,261,1,SYN-01,SYN-1042-024,0001
MAT-1043,PLANT-04,2024-09,0,EA,261,1,SYN-01,SYN-1043-001,0001
MAT-1043,PLANT-04,2024-10,0,EA,261,1,SYN-01,SYN-1043-002,0001
MAT-1043,PLANT-04,2024-11,0,EA,261,1,SYN-01,SYN-1043-003,0001
MAT-1043,PLANT-04,2024-12,0,EA,261,1,SYN-01,SYN-1043-004,0001
MAT-1043,PLANT-04,2025-01,0,EA,261,1,SYN-01,SYN-1043-005,0001
MAT-1043,PLANT-04,2025-02,0,EA,261,1,SYN-01,SYN-1043-006,0001
MAT-1043,PLANT-04,2025-03,0,EA,261,1,SYN-01,SYN-1043-007,0001
MAT-1043,PLANT-04,2025-04,0,EA,261,1,SYN-01,SYN-1043-008,0001
MAT-1043,PLANT-04,2025-05,0,EA,261,1,SYN-01,SYN-1043-009,0001
MAT-1043,PLANT-04,2025-06,0,EA,261,1,SYN-01,SYN-1043-010,0001
MAT-1043,PLANT-04,2025-07,50,EA,261,1,SYN-01,SYN-1043-011,0001
MAT-1043,PLANT-04,2025-08,0,EA,261,1,SYN-01,SYN-1043-012,0001
MAT-1043,PLANT-04,2025-09,0,EA,261,1,SYN-01,SYN-1043-013,0001
MAT-1043,PLANT-04,2025-10,0,EA,261,1,SYN-01,SYN-1043-014,0001
MAT-1043,PLANT-04,2025-11,0,EA,261,1,SYN-01,SYN-1043-015,0001
MAT-1043,PLANT-04,2025-12,0,EA,261,1,SYN-01,SYN-1043-016,0001
MAT-1043,PLANT-04,2026-01,0,EA,261,1,SYN-01,SYN-1043-017,0001
MAT-1043,PLANT-04,2026-02,0,EA,261,1,SYN-01,SYN-1043-018,0001
MAT-1043,PLANT-04,2026-03,0,EA,261,1,SYN-01,SYN-1043-019,0001
MAT-1043,PLANT-04,2026-04,0,EA,261,1,SYN-01,SYN-1043-020,0001
MAT-1043,PLANT-04,2026-05,0,EA,261,1,SYN-01,SYN-1043-021,0001
MAT-1043,PLANT-04,2026-06,0,EA,261,1,SYN-01,SYN-1043-022,0001
MAT-1043,PLANT-04,2026-07,0,EA,261,1,SYN-01,SYN-1043-023,0001
MAT-1043,PLANT-04,2026-08,0,EA,261,1,SYN-01,SYN-1043-024,0001
MAT-1044,PLANT-01,2024-09,0,EA,261,1,SYN-01,SYN-1044-001,0001
MAT-1044,PLANT-01,2024-10,0,EA,261,1,SYN-01,SYN-1044-002,0001
MAT-1044,PLANT-01,2024-11,0,EA,261,1,SYN-01,SYN-1044-003,0001
MAT-1044,PLANT-01,2024-12,0,EA,261,1,SYN-01,SYN-1044-004,0001
MAT-1044,PLANT-01,2025-01,0,EA,261,1,SYN-01,SYN-1044-005,0001
MAT-1044,PLANT-01,2025-02,0,EA,261,1,SYN-01,SYN-1044-006,0001
MAT-1044,PLANT-01,2025-03,0,EA,261,1,SYN-01,SYN-1044-007,0001
MAT-1044,PLANT-01,2025-04,0,EA,261,1,SYN-01,SYN-1044-008,0001
MAT-1044,PLANT-01,2025-05,0,EA,261,1,SYN-01,SYN-1044-009,0001
MAT-1044,PLANT-01,2025-06,0,EA,261,1,SYN-01,SYN-1044-010,0001
MAT-1044,PLANT-01,2025-07,50,EA,261,1,SYN-01,SYN-1044-011,0001
MAT-1044,PLANT-01,2025-08,0,EA,261,1,SYN-01,SYN-1044-012,0001
MAT-1044,PLANT-01,2025-09,0,EA,261,1,SYN-01,SYN-1044-013,0001
MAT-1044,PLANT-01,2025-10,0,EA,261,1,SYN-01,SYN-1044-014,0001
MAT-1044,PLANT-01,2025-11,0,EA,261,1,SYN-01,SYN-1044-015,0001
MAT-1044,PLANT-01,2025-12,0,EA,261,1,SYN-01,SYN-1044-016,0001
MAT-1044,PLANT-01,2026-01,0,EA,261,1,SYN-01,SYN-1044-017,0001
MAT-1044,PLANT-01,2026-02,0,EA,261,1,SYN-01,SYN-1044-018,0001
MAT-1044,PLANT-01,2026-03,0,EA,261,1,SYN-01,SYN-1044-019,0001
MAT-1044,PLANT-01,2026-04,0,EA,261,1,SYN-01,SYN-1044-020,0001
MAT-1044,PLANT-01,2026-05,0,EA,261,1,SYN-01,SYN-1044-021,0001
MAT-1044,PLANT-01,2026-06,0,EA,261,1,SYN-01,SYN-1044-022,0001
MAT-1044,PLANT-01,2026-07,0,EA,261,1,SYN-01,SYN-1044-023,0001
MAT-1044,PLANT-01,2026-08,0,EA,261,1,SYN-01,SYN-1044-024,0001
MAT-1045,PLANT-02,2024-09,100,EA,261,1,SYN-01,SYN-1045-001,0001
MAT-1045,PLANT-02,2024-10,100,EA,261,1,SYN-01,SYN-1045-002,0001
MAT-1045,PLANT-02,2024-11,100,EA,261,1,SYN-01,SYN-1045-003,0001
MAT-1045,PLANT-02,2024-12,100,EA,261,1,SYN-01,SYN-1045-004,0001
MAT-1045,PLANT-02,2025-01,100,EA,261,1,SYN-01,SYN-1045-005,0001
MAT-1045,PLANT-02,2025-02,100,EA,261,1,SYN-01,SYN-1045-006,0001
MAT-1045,PLANT-02,2025-03,100,EA,261,1,SYN-01,SYN-1045-007,0001
MAT-1045,PLANT-02,2025-04,100,EA,261,1,SYN-01,SYN-1045-008,0001
MAT-1045,PLANT-02,2025-05,100,EA,261,1,SYN-01,SYN-1045-009,0001
MAT-1045,PLANT-02,2025-06,100,EA,261,1,SYN-01,SYN-1045-010,0001
MAT-1045,PLANT-02,2025-07,100,EA,261,1,SYN-01,SYN-1045-011,0001
MAT-1045,PLANT-02,2025-08,100,EA,261,1,SYN-01,SYN-1045-012,0001
MAT-1045,PLANT-02,2025-09,100,EA,261,1,SYN-01,SYN-1045-013,0001
MAT-1045,PLANT-02,2025-10,100,EA,261,1,SYN-01,SYN-1045-014,0001
MAT-1045,PLANT-02,2025-11,100,EA,261,1,SYN-01,SYN-1045-015,0001
MAT-1045,PLANT-02,2025-12,100,EA,261,1,SYN-01,SYN-1045-016,0001
MAT-1045,PLANT-02,2026-01,100,EA,261,1,SYN-01,SYN-1045-017,0001
MAT-1045,PLANT-02,2026-02,100,EA,261,1,SYN-01,SYN-1045-018,0001
MAT-1045,PLANT-02,2026-03,100,EA,261,1,SYN-01,SYN-1045-019,0001
MAT-1045,PLANT-02,2026-04,100,EA,261,1,SYN-01,SYN-1045-020,0001
MAT-1045,PLANT-02,2026-05,100,EA,261,1,SYN-01,SYN-1045-021,0001
MAT-1045,PLANT-02,2026-06,100,EA,261,1,SYN-01,SYN-1045-022,0001
MAT-1045,PLANT-02,2026-07,100,EA,261,1,SYN-01,SYN-1045-023,0001
MAT-1045,PLANT-02,2026-08,100,EA,261,1,SYN-01,SYN-1045-024,0001
MAT-1046,PLANT-03,2024-09,0,EA,261,1,SYN-01,SYN-1046-001,0001
MAT-1046,PLANT-03,2024-10,0,EA,261,1,SYN-01,SYN-1046-002,0001
MAT-1046,PLANT-03,2024-11,0,EA,261,1,SYN-01,SYN-1046-003,0001
MAT-1046,PLANT-03,2024-12,0,EA,261,1,SYN-01,SYN-1046-004,0001
MAT-1046,PLANT-03,2025-01,0,EA,261,1,SYN-01,SYN-1046-005,0001
MAT-1046,PLANT-03,2025-02,0,EA,261,1,SYN-01,SYN-1046-006,0001
MAT-1046,PLANT-03,2025-03,0,EA,261,1,SYN-01,SYN-1046-007,0001
MAT-1046,PLANT-03,2025-04,0,EA,261,1,SYN-01,SYN-1046-008,0001
MAT-1046,PLANT-03,2025-05,0,EA,261,1,SYN-01,SYN-1046-009,0001
MAT-1046,PLANT-03,2025-06,0,EA,261,1,SYN-01,SYN-1046-010,0001
MAT-1046,PLANT-03,2025-07,50,EA,261,1,SYN-01,SYN-1046-011,0001
MAT-1046,PLANT-03,2025-08,0,EA,261,1,SYN-01,SYN-1046-012,0001
MAT-1046,PLANT-03,2025-09,0,EA,261,1,SYN-01,SYN-1046-013,0001
MAT-1046,PLANT-03,2025-10,0,EA,261,1,SYN-01,SYN-1046-014,0001
MAT-1046,PLANT-03,2025-11,0,EA,261,1,SYN-01,SYN-1046-015,0001
MAT-1046,PLANT-03,2025-12,0,EA,261,1,SYN-01,SYN-1046-016,0001
MAT-1046,PLANT-03,2026-01,0,EA,261,1,SYN-01,SYN-1046-017,0001
MAT-1046,PLANT-03,2026-02,0,EA,261,1,SYN-01,SYN-1046-018,0001
MAT-1046,PLANT-03,2026-03,0,EA,261,1,SYN-01,SYN-1046-019,0001
MAT-1046,PLANT-03,2026-04,0,EA,261,1,SYN-01,SYN-1046-020,0001
MAT-1046,PLANT-03,2026-05,0,EA,261,1,SYN-01,SYN-1046-021,0001
MAT-1046,PLANT-03,2026-06,0,EA,261,1,SYN-01,SYN-1046-022,0001
MAT-1046,PLANT-03,2026-07,0,EA,261,1,SYN-01,SYN-1046-023,0001
MAT-1046,PLANT-03,2026-08,0,EA,261,1,SYN-01,SYN-1046-024,0001
MAT-1047,PLANT-04,2026-03,100,EA,261,1,SYN-01,SYN-1047-001,0001
MAT-1047,PLANT-04,2026-04,100,EA,261,1,SYN-01,SYN-1047-002,0001
MAT-1047,PLANT-04,2026-05,100,EA,261,1,SYN-01,SYN-1047-003,0001
MAT-1047,PLANT-04,2026-06,100,EA,261,1,SYN-01,SYN-1047-004,0001
MAT-1047,PLANT-04,2026-07,100,EA,261,1,SYN-01,SYN-1047-005,0001
MAT-1047,PLANT-04,2026-08,100,EA,261,1,SYN-01,SYN-1047-006,0001
MAT-1048,PLANT-01,2025-12,100,EA,261,1,SYN-01,SYN-1048-001,0001
MAT-1048,PLANT-01,2026-01,100,EA,261,1,SYN-01,SYN-1048-002,0001
MAT-1048,PLANT-01,2026-02,100,EA,261,1,SYN-01,SYN-1048-003,0001
MAT-1048,PLANT-01,2026-03,100,EA,261,1,SYN-01,SYN-1048-004,0001
MAT-1048,PLANT-01,2026-04,100,EA,261,1,SYN-01,SYN-1048-005,0001
MAT-1048,PLANT-01,2026-05,100,EA,261,1,SYN-01,SYN-1048-006,0001
MAT-1048,PLANT-01,2026-06,100,EA,261,1,SYN-01,SYN-1048-007,0001
MAT-1048,PLANT-01,2026-07,100,EA,261,1,SYN-01,SYN-1048-008,0001
MAT-1048,PLANT-01,2026-08,100,EA,261,1,SYN-01,SYN-1048-009,0001
MAT-1049,PLANT-02,2024-09,100,EA,261,1,SYN-01,SYN-1049-001,0001
MAT-1049,PLANT-02,2024-10,100,EA,261,1,SYN-01,SYN-1049-002,0001
MAT-1049,PLANT-02,2024-11,100,EA,261,1,SYN-01,SYN-1049-003,0001
MAT-1049,PLANT-02,2024-12,100,EA,261,1,SYN-01,SYN-1049-004,0001
MAT-1049,PLANT-02,2025-01,100,EA,261,1,SYN-01,SYN-1049-005,0001
MAT-1049,PLANT-02,2025-02,100,EA,261,1,SYN-01,SYN-1049-006,0001
MAT-1049,PLANT-02,2025-03,100,EA,261,1,SYN-01,SYN-1049-007,0001
MAT-1049,PLANT-02,2025-04,100,EA,261,1,SYN-01,SYN-1049-008,0001
MAT-1049,PLANT-02,2025-05,100,EA,261,1,SYN-01,SYN-1049-009,0001
MAT-1049,PLANT-02,2025-06,100,EA,261,1,SYN-01,SYN-1049-010,0001
MAT-1049,PLANT-02,2025-07,100,EA,261,1,SYN-01,SYN-1049-011,0001
MAT-1049,PLANT-02,2025-08,100,EA,261,1,SYN-01,SYN-1049-012,0001
MAT-1049,PLANT-02,2025-09,100,EA,261,1,SYN-01,SYN-1049-013,0001
MAT-1049,PLANT-02,2025-10,100,EA,261,1,SYN-01,SYN-1049-014,0001
MAT-1049,PLANT-02,2025-11,100,EA,261,1,SYN-01,SYN-1049-015,0001
MAT-1049,PLANT-02,2025-12,100,EA,261,1,SYN-01,SYN-1049-016,0001
MAT-1049,PLANT-02,2026-01,100,EA,261,1,SYN-01,SYN-1049-017,0001
MAT-1049,PLANT-02,2026-02,100,EA,261,1,SYN-01,SYN-1049-018,0001
MAT-1049,PLANT-02,2026-03,100,EA,261,1,SYN-01,SYN-1049-019,0001
MAT-1049,PLANT-02,2026-04,100,EA,261,1,SYN-01,SYN-1049-020,0001
MAT-1049,PLANT-02,2026-05,100,EA,261,1,SYN-01,SYN-1049-021,0001
MAT-1049,PLANT-02,2026-06,100,EA,261,1,SYN-01,SYN-1049-022,0001
MAT-1049,PLANT-02,2026-07,100,EA,261,1,SYN-01,SYN-1049-023,0001
MAT-1049,PLANT-02,2026-08,100,EA,261,1,SYN-01,SYN-1049-024,0001
MAT-1050,PLANT-03,2025-10,100,EA,261,1,SYN-01,SYN-1050-001,0001
MAT-1050,PLANT-03,2025-11,100,EA,261,1,SYN-01,SYN-1050-002,0001
MAT-1050,PLANT-03,2025-12,100,EA,261,1,SYN-01,SYN-1050-003,0001
MAT-1050,PLANT-03,2026-01,100,EA,261,1,SYN-01,SYN-1050-004,0001
MAT-1050,PLANT-03,2026-02,100,EA,261,1,SYN-01,SYN-1050-005,0001
MAT-1050,PLANT-03,2026-03,100,EA,261,1,SYN-01,SYN-1050-006,0001
MAT-1050,PLANT-03,2026-04,100,EA,261,1,SYN-01,SYN-1050-007,0001
MAT-1050,PLANT-03,2026-05,100,EA,261,1,SYN-01,SYN-1050-008,0001
MAT-1050,PLANT-03,2026-06,100,EA,261,1,SYN-01,SYN-1050-009,0001
MAT-1050,PLANT-03,2026-07,100,EA,261,1,SYN-01,SYN-1050-010,0001
MAT-1050,PLANT-03,2026-08,100,EA,261,1,SYN-01,SYN-1050-011,0001
MAT-1052,PLANT-01,2024-09,0,EA,261,1,SYN-01,SYN-1052-001,0001
MAT-1052,PLANT-01,2024-10,0,EA,261,1,SYN-01,SYN-1052-002,0001
MAT-1052,PLANT-01,2024-11,0,EA,261,1,SYN-01,SYN-1052-003,0001
MAT-1052,PLANT-01,2024-12,50,EA,261,1,SYN-01,SYN-1052-004,0001
MAT-1052,PLANT-01,2025-01,0,EA,261,1,SYN-01,SYN-1052-005,0001
MAT-1052,PLANT-01,2025-02,0,EA,261,1,SYN-01,SYN-1052-006,0001
MAT-1052,PLANT-01,2025-03,0,EA,261,1,SYN-01,SYN-1052-007,0001
MAT-1052,PLANT-01,2025-04,0,EA,261,1,SYN-01,SYN-1052-008,0001
MAT-1052,PLANT-01,2025-05,0,EA,261,1,SYN-01,SYN-1052-009,0001
MAT-1052,PLANT-01,2025-06,0,EA,261,1,SYN-01,SYN-1052-010,0001
MAT-1052,PLANT-01,2025-07,0,EA,261,1,SYN-01,SYN-1052-011,0001
MAT-1052,PLANT-01,2025-08,0,EA,261,1,SYN-01,SYN-1052-012,0001
MAT-1052,PLANT-01,2025-09,0,EA,261,1,SYN-01,SYN-1052-013,0001
MAT-1052,PLANT-01,2025-10,0,EA,261,1,SYN-01,SYN-1052-014,0001
MAT-1052,PLANT-01,2025-11,0,EA,261,1,SYN-01,SYN-1052-015,0001
MAT-1052,PLANT-01,2025-12,0,EA,261,1,SYN-01,SYN-1052-016,0001
MAT-1052,PLANT-01,2026-01,0,EA,261,1,SYN-01,SYN-1052-017,0001
MAT-1052,PLANT-01,2026-02,0,EA,261,1,SYN-01,SYN-1052-018,0001
MAT-1052,PLANT-01,2026-03,0,EA,261,1,SYN-01,SYN-1052-019,0001
MAT-1052,PLANT-01,2026-04,0,EA,261,1,SYN-01,SYN-1052-020,0001
MAT-1052,PLANT-01,2026-05,0,EA,261,1,SYN-01,SYN-1052-021,0001
MAT-1052,PLANT-01,2026-06,0,EA,261,1,SYN-01,SYN-1052-022,0001
MAT-1052,PLANT-01,2026-07,0,EA,261,1,SYN-01,SYN-1052-023,0001
MAT-1052,PLANT-01,2026-08,0,EA,261,1,SYN-01,SYN-1052-024,0001
MAT-1053,PLANT-02,2024-09,0,EA,261,1,SYN-01,SYN-1053-001,0001
MAT-1053,PLANT-02,2024-10,0,EA,261,1,SYN-01,SYN-1053-002,0001
MAT-1053,PLANT-02,2024-11,0,EA,261,1,SYN-01,SYN-1053-003,0001
MAT-1053,PLANT-02,2024-12,0,EA,261,1,SYN-01,SYN-1053-004,0001
MAT-1053,PLANT-02,2025-01,0,EA,261,1,SYN-01,SYN-1053-005,0001
MAT-1053,PLANT-02,2025-02,0,EA,261,1,SYN-01,SYN-1053-006,0001
MAT-1053,PLANT-02,2025-03,0,EA,261,1,SYN-01,SYN-1053-007,0001
MAT-1053,PLANT-02,2025-04,0,EA,261,1,SYN-01,SYN-1053-008,0001
MAT-1053,PLANT-02,2025-05,0,EA,261,1,SYN-01,SYN-1053-009,0001
MAT-1053,PLANT-02,2025-06,0,EA,261,1,SYN-01,SYN-1053-010,0001
MAT-1053,PLANT-02,2025-07,0,EA,261,1,SYN-01,SYN-1053-011,0001
MAT-1053,PLANT-02,2025-08,0,EA,261,1,SYN-01,SYN-1053-012,0001
MAT-1053,PLANT-02,2025-09,0,EA,261,1,SYN-01,SYN-1053-013,0001
MAT-1053,PLANT-02,2025-10,0,EA,261,1,SYN-01,SYN-1053-014,0001
MAT-1053,PLANT-02,2025-11,0,EA,261,1,SYN-01,SYN-1053-015,0001
MAT-1053,PLANT-02,2025-12,0,EA,261,1,SYN-01,SYN-1053-016,0001
MAT-1053,PLANT-02,2026-01,0,EA,261,1,SYN-01,SYN-1053-017,0001
MAT-1053,PLANT-02,2026-02,0,EA,261,1,SYN-01,SYN-1053-018,0001
MAT-1053,PLANT-02,2026-03,0,EA,261,1,SYN-01,SYN-1053-019,0001
MAT-1053,PLANT-02,2026-04,0,EA,261,1,SYN-01,SYN-1053-020,0001
MAT-1053,PLANT-02,2026-05,0,EA,261,1,SYN-01,SYN-1053-021,0001
MAT-1053,PLANT-02,2026-06,0,EA,261,1,SYN-01,SYN-1053-022,0001
MAT-1053,PLANT-02,2026-07,0,EA,261,1,SYN-01,SYN-1053-023,0001
MAT-1053,PLANT-02,2026-08,0,EA,261,1,SYN-01,SYN-1053-024,0001
MAT-1054,PLANT-03,2024-09,100,EA,261,1,SYN-01,SYN-1054-001,0001
MAT-1054,PLANT-03,2024-10,100,EA,261,1,SYN-01,SYN-1054-002,0001
MAT-1054,PLANT-03,2024-11,100,EA,261,1,SYN-01,SYN-1054-003,0001
MAT-1054,PLANT-03,2024-12,100,EA,261,1,SYN-01,SYN-1054-004,0001
MAT-1054,PLANT-03,2025-01,100,EA,261,1,SYN-01,SYN-1054-005,0001
MAT-1054,PLANT-03,2025-02,100,EA,261,1,SYN-01,SYN-1054-006,0001
MAT-1054,PLANT-03,2025-03,100,EA,261,1,SYN-01,SYN-1054-007,0001
MAT-1054,PLANT-03,2025-04,100,EA,261,1,SYN-01,SYN-1054-008,0001
MAT-1054,PLANT-03,2025-05,100,EA,261,1,SYN-01,SYN-1054-009,0001
MAT-1054,PLANT-03,2025-06,100,EA,261,1,SYN-01,SYN-1054-010,0001
MAT-1054,PLANT-03,2025-07,100,EA,261,1,SYN-01,SYN-1054-011,0001
MAT-1054,PLANT-03,2025-08,100,EA,261,1,SYN-01,SYN-1054-012,0001
MAT-1054,PLANT-03,2025-09,100,EA,261,1,SYN-01,SYN-1054-013,0001
MAT-1054,PLANT-03,2025-10,100,EA,261,1,SYN-01,SYN-1054-014,0001
MAT-1054,PLANT-03,2025-11,100,EA,261,1,SYN-01,SYN-1054-015,0001
MAT-1054,PLANT-03,2025-12,100,EA,261,1,SYN-01,SYN-1054-016,0001
MAT-1054,PLANT-03,2026-01,100,EA,261,1,SYN-01,SYN-1054-017,0001
MAT-1054,PLANT-03,2026-02,100,EA,261,1,SYN-01,SYN-1054-018,0001
MAT-1054,PLANT-03,2026-03,100,EA,261,1,SYN-01,SYN-1054-019,0001
MAT-1054,PLANT-03,2026-04,100,EA,261,1,SYN-01,SYN-1054-020,0001
MAT-1054,PLANT-03,2026-05,100,EA,261,1,SYN-01,SYN-1054-021,0001
MAT-1054,PLANT-03,2026-06,100,EA,261,1,SYN-01,SYN-1054-022,0001
MAT-1054,PLANT-03,2026-07,100,EA,261,1,SYN-01,SYN-1054-023,0001
MAT-1054,PLANT-03,2026-08,100,EA,261,1,SYN-01,SYN-1054-024,0001
MAT-1055,PLANT-04,2025-09,100,EA,261,1,SYN-01,SYN-1055-001,0001
MAT-1055,PLANT-04,2025-10,100,EA,261,1,SYN-01,SYN-1055-002,0001
MAT-1055,PLANT-04,2025-11,100,EA,261,1,SYN-01,SYN-1055-003,0001
MAT-1055,PLANT-04,2025-12,100,EA,261,1,SYN-01,SYN-1055-004,0001
MAT-1055,PLANT-04,2026-01,100,EA,261,1,SYN-01,SYN-1055-005,0001
MAT-1055,PLANT-04,2026-02,100,EA,261,1,SYN-01,SYN-1055-006,0001
MAT-1055,PLANT-04,2026-03,100,EA,261,1,SYN-01,SYN-1055-007,0001
MAT-1055,PLANT-04,2026-04,100,EA,261,1,SYN-01,SYN-1055-008,0001
MAT-1055,PLANT-04,2026-05,100,EA,261,1,SYN-01,SYN-1055-009,0001
MAT-1055,PLANT-04,2026-06,100,EA,261,1,SYN-01,SYN-1055-010,0001
MAT-1055,PLANT-04,2026-07,100,EA,261,1,SYN-01,SYN-1055-011,0001
MAT-1055,PLANT-04,2026-08,100,EA,261,1,SYN-01,SYN-1055-012,0001
MAT-1056,PLANT-01,2024-09,100,EA,261,1,SYN-01,SYN-1056-001,0001
MAT-1056,PLANT-01,2024-10,100,EA,261,1,SYN-01,SYN-1056-002,0001
MAT-1056,PLANT-01,2024-11,100,EA,261,1,SYN-01,SYN-1056-003,0001
MAT-1056,PLANT-01,2024-12,100,EA,261,1,SYN-01,SYN-1056-004,0001
MAT-1056,PLANT-01,2025-01,100,EA,261,1,SYN-01,SYN-1056-005,0001
MAT-1056,PLANT-01,2025-02,100,EA,261,1,SYN-01,SYN-1056-006,0001
MAT-1056,PLANT-01,2025-03,100,EA,261,1,SYN-01,SYN-1056-007,0001
MAT-1056,PLANT-01,2025-04,100,EA,261,1,SYN-01,SYN-1056-008,0001
MAT-1056,PLANT-01,2025-05,100,EA,261,1,SYN-01,SYN-1056-009,0001
MAT-1056,PLANT-01,2025-06,100,EA,261,1,SYN-01,SYN-1056-010,0001
MAT-1056,PLANT-01,2025-07,100,EA,261,1,SYN-01,SYN-1056-011,0001
MAT-1056,PLANT-01,2025-08,100,EA,261,1,SYN-01,SYN-1056-012,0001
MAT-1056,PLANT-01,2025-09,100,EA,261,1,SYN-01,SYN-1056-013,0001
MAT-1056,PLANT-01,2025-10,100,EA,261,1,SYN-01,SYN-1056-014,0001
MAT-1056,PLANT-01,2025-11,100,EA,261,1,SYN-01,SYN-1056-015,0001
MAT-1056,PLANT-01,2025-12,100,EA,261,1,SYN-01,SYN-1056-016,0001
MAT-1056,PLANT-01,2026-01,100,EA,261,1,SYN-01,SYN-1056-017,0001
MAT-1056,PLANT-01,2026-02,100,EA,261,1,SYN-01,SYN-1056-018,0001
MAT-1056,PLANT-01,2026-03,100,EA,261,1,SYN-01,SYN-1056-019,0001
MAT-1056,PLANT-01,2026-04,100,EA,261,1,SYN-01,SYN-1056-020,0001
MAT-1056,PLANT-01,2026-05,100,EA,261,1,SYN-01,SYN-1056-021,0001
MAT-1056,PLANT-01,2026-06,100,EA,261,1,SYN-01,SYN-1056-022,0001
MAT-1056,PLANT-01,2026-07,100,EA,261,1,SYN-01,SYN-1056-023,0001
MAT-1056,PLANT-01,2026-08,100,EA,261,1,SYN-01,SYN-1056-024,0001
MAT-1057,PLANT-02,2025-08,100,EA,261,1,SYN-01,SYN-1057-001,0001
MAT-1057,PLANT-02,2025-09,100,EA,261,1,SYN-01,SYN-1057-002,0001
MAT-1057,PLANT-02,2025-10,100,EA,261,1,SYN-01,SYN-1057-003,0001
MAT-1057,PLANT-02,2025-11,100,EA,261,1,SYN-01,SYN-1057-004,0001
MAT-1057,PLANT-02,2025-12,100,EA,261,1,SYN-01,SYN-1057-005,0001
MAT-1057,PLANT-02,2026-01,100,EA,261,1,SYN-01,SYN-1057-006,0001
MAT-1057,PLANT-02,2026-02,100,EA,261,1,SYN-01,SYN-1057-007,0001
MAT-1057,PLANT-02,2026-03,100,EA,261,1,SYN-01,SYN-1057-008,0001
MAT-1057,PLANT-02,2026-04,100,EA,261,1,SYN-01,SYN-1057-009,0001
MAT-1057,PLANT-02,2026-05,100,EA,261,1,SYN-01,SYN-1057-010,0001
MAT-1057,PLANT-02,2026-06,100,EA,261,1,SYN-01,SYN-1057-011,0001
MAT-1057,PLANT-02,2026-07,100,EA,261,1,SYN-01,SYN-1057-012,0001
MAT-1057,PLANT-02,2026-08,100,EA,261,1,SYN-01,SYN-1057-013,0001
MAT-1058,PLANT-03,2024-09,100,EA,261,1,SYN-01,SYN-1058-001,0001
MAT-1058,PLANT-03,2024-10,100,EA,261,1,SYN-01,SYN-1058-002,0001
MAT-1058,PLANT-03,2024-11,100,EA,261,1,SYN-01,SYN-1058-003,0001
MAT-1058,PLANT-03,2024-12,100,EA,261,1,SYN-01,SYN-1058-004,0001
MAT-1058,PLANT-03,2025-01,100,EA,261,1,SYN-01,SYN-1058-005,0001
MAT-1058,PLANT-03,2025-02,100,EA,261,1,SYN-01,SYN-1058-006,0001
MAT-1058,PLANT-03,2025-03,100,EA,261,1,SYN-01,SYN-1058-007,0001
MAT-1058,PLANT-03,2025-04,100,EA,261,1,SYN-01,SYN-1058-008,0001
MAT-1058,PLANT-03,2025-05,100,EA,261,1,SYN-01,SYN-1058-009,0001
MAT-1058,PLANT-03,2025-06,100,EA,261,1,SYN-01,SYN-1058-010,0001
MAT-1058,PLANT-03,2025-07,100,EA,261,1,SYN-01,SYN-1058-011,0001
MAT-1058,PLANT-03,2025-08,100,EA,261,1,SYN-01,SYN-1058-012,0001
MAT-1058,PLANT-03,2025-09,100,EA,261,1,SYN-01,SYN-1058-013,0001
MAT-1058,PLANT-03,2025-10,100,EA,261,1,SYN-01,SYN-1058-014,0001
MAT-1058,PLANT-03,2025-11,100,EA,261,1,SYN-01,SYN-1058-015,0001
MAT-1058,PLANT-03,2025-12,100,EA,261,1,SYN-01,SYN-1058-016,0001
MAT-1058,PLANT-03,2026-01,100,EA,261,1,SYN-01,SYN-1058-017,0001
MAT-1058,PLANT-03,2026-02,100,EA,261,1,SYN-01,SYN-1058-018,0001
MAT-1058,PLANT-03,2026-03,100,EA,261,1,SYN-01,SYN-1058-019,0001
MAT-1058,PLANT-03,2026-04,100,EA,261,1,SYN-01,SYN-1058-020,0001
MAT-1058,PLANT-03,2026-05,100,EA,261,1,SYN-01,SYN-1058-021,0001
MAT-1058,PLANT-03,2026-06,100,EA,261,1,SYN-01,SYN-1058-022,0001
MAT-1058,PLANT-03,2026-07,100,EA,261,1,SYN-01,SYN-1058-023,0001
MAT-1058,PLANT-03,2026-07,25,EA,262,1,SYN-01,SYN-1058-REV-001,0002
MAT-1058,PLANT-03,2026-08,100,EA,261,1,SYN-01,SYN-1058-024,0001
MAT-1059,PLANT-04,2024-09,100,EA,261,1,SYN-01,SYN-1059-001,0001
MAT-1059,PLANT-04,2024-10,100,EA,261,1,SYN-01,SYN-1059-002,0001
MAT-1059,PLANT-04,2024-11,100,EA,261,1,SYN-01,SYN-1059-003,0001
MAT-1059,PLANT-04,2024-12,100,EA,261,1,SYN-01,SYN-1059-004,0001
MAT-1059,PLANT-04,2025-01,100,EA,261,1,SYN-01,SYN-1059-005,0001
MAT-1059,PLANT-04,2025-02,100,EA,261,1,SYN-01,SYN-1059-006,0001
MAT-1059,PLANT-04,2025-03,100,EA,261,1,SYN-01,SYN-1059-007,0001
MAT-1059,PLANT-04,2025-04,100,EA,261,1,SYN-01,SYN-1059-008,0001
MAT-1059,PLANT-04,2025-05,100,EA,261,1,SYN-01,SYN-1059-009,0001
MAT-1059,PLANT-04,2025-06,100,EA,261,1,SYN-01,SYN-1059-010,0001
MAT-1059,PLANT-04,2025-07,100,EA,261,1,SYN-01,SYN-1059-011,0001
MAT-1059,PLANT-04,2025-08,100,EA,261,1,SYN-01,SYN-1059-012,0001
MAT-1059,PLANT-04,2025-09,100,EA,261,1,SYN-01,SYN-1059-013,0001
MAT-1059,PLANT-04,2025-10,100,EA,261,1,SYN-01,SYN-1059-014,0001
MAT-1059,PLANT-04,2025-11,100,EA,261,1,SYN-01,SYN-1059-015,0001
MAT-1059,PLANT-04,2025-12,100,EA,261,1,SYN-01,SYN-1059-016,0001
MAT-1059,PLANT-04,2026-01,100,EA,261,1,SYN-01,SYN-1059-017,0001
MAT-1059,PLANT-04,2026-02,100,EA,261,1,SYN-01,SYN-1059-018,0001
MAT-1059,PLANT-04,2026-03,100,EA,261,1,SYN-01,SYN-1059-019,0001
MAT-1059,PLANT-04,2026-04,100,EA,261,1,SYN-01,SYN-1059-020,0001
MAT-1059,PLANT-04,2026-05,100,EA,261,1,SYN-01,SYN-1059-021,0001
MAT-1059,PLANT-04,2026-06,100,EA,261,1,SYN-01,SYN-1059-022,0001
MAT-1059,PLANT-04,2026-07,100,EA,261,1,SYN-01,SYN-1059-023,0001
MAT-1059,PLANT-04,2026-08,100,EA,261,1,SYN-01,SYN-1059-024,0001
MAT-1060,PLANT-01,2024-09,100,EA,261,1,SYN-01,SYN-1060-001,0001
MAT-1060,PLANT-01,2024-10,100,EA,261,1,SYN-01,SYN-1060-002,0001
MAT-1060,PLANT-01,2024-11,100,EA,261,1,SYN-01,SYN-1060-003,0001
MAT-1060,PLANT-01,2024-12,100,EA,261,1,SYN-01,SYN-1060-004,0001
MAT-1060,PLANT-01,2025-01,100,EA,261,1,SYN-01,SYN-1060-005,0001
MAT-1060,PLANT-01,2025-02,100,EA,261,1,SYN-01,SYN-1060-006,0001
MAT-1060,PLANT-01,2025-03,100,EA,261,1,SYN-01,SYN-1060-007,0001
MAT-1060,PLANT-01,2025-04,100,EA,261,1,SYN-01,SYN-1060-008,0001
MAT-1060,PLANT-01,2025-05,100,EA,261,1,SYN-01,SYN-1060-009,0001
MAT-1060,PLANT-01,2025-06,100,EA,261,1,SYN-01,SYN-1060-010,0001
MAT-1060,PLANT-01,2025-07,100,EA,261,1,SYN-01,SYN-1060-011,0001
MAT-1060,PLANT-01,2025-08,100,EA,261,1,SYN-01,SYN-1060-012,0001
MAT-1060,PLANT-01,2025-09,100,EA,261,1,SYN-01,SYN-1060-013,0001
MAT-1060,PLANT-01,2025-10,100,EA,261,1,SYN-01,SYN-1060-014,0001
MAT-1060,PLANT-01,2025-11,100,EA,261,1,SYN-01,SYN-1060-015,0001
MAT-1060,PLANT-01,2025-12,100,EA,261,1,SYN-01,SYN-1060-016,0001
MAT-1060,PLANT-01,2026-01,100,EA,261,1,SYN-01,SYN-1060-017,0001
MAT-1060,PLANT-01,2026-02,100,EA,261,1,SYN-01,SYN-1060-018,0001
MAT-1060,PLANT-01,2026-03,100,EA,261,1,SYN-01,SYN-1060-019,0001
MAT-1060,PLANT-01,2026-04,100,EA,261,1,SYN-01,SYN-1060-020,0001
MAT-1060,PLANT-01,2026-05,100,EA,261,1,SYN-01,SYN-1060-021,0001
MAT-1060,PLANT-01,2026-06,100,EA,261,1,SYN-01,SYN-1060-022,0001
MAT-1060,PLANT-01,2026-07,100,EA,261,1,SYN-01,SYN-1060-023,0001
MAT-1060,PLANT-01,2026-08,100,EA,261,1,SYN-01,SYN-1060-024,0001
MAT-1061,PLANT-02,2024-09,100,EA,261,1,SYN-01,SYN-1061-001,0001
MAT-1061,PLANT-02,2024-10,100,EA,261,1,SYN-01,SYN-1061-002,0001
MAT-1061,PLANT-02,2024-11,100,EA,261,1,SYN-01,SYN-1061-003,0001
MAT-1061,PLANT-02,2024-12,100,EA,261,1,SYN-01,SYN-1061-004,0001
MAT-1061,PLANT-02,2025-01,100,EA,261,1,SYN-01,SYN-1061-005,0001
MAT-1061,PLANT-02,2025-02,100,EA,261,1,SYN-01,SYN-1061-006,0001
MAT-1061,PLANT-02,2025-03,100,EA,261,1,SYN-01,SYN-1061-007,0001
MAT-1061,PLANT-02,2025-04,100,EA,261,1,SYN-01,SYN-1061-008,0001
MAT-1061,PLANT-02,2025-05,100,EA,261,1,SYN-01,SYN-1061-009,0001
MAT-1061,PLANT-02,2025-06,100,EA,261,1,SYN-01,SYN-1061-010,0001
MAT-1061,PLANT-02,2025-07,100,EA,261,1,SYN-01,SYN-1061-011,0001
MAT-1061,PLANT-02,2025-08,100,EA,261,1,SYN-01,SYN-1061-012,0001
MAT-1061,PLANT-02,2025-09,100,EA,261,1,SYN-01,SYN-1061-013,0001
MAT-1061,PLANT-02,2025-10,100,EA,261,1,SYN-01,SYN-1061-014,0001
MAT-1061,PLANT-02,2025-11,100,EA,261,1,SYN-01,SYN-1061-015,0001
MAT-1061,PLANT-02,2025-12,100,EA,261,1,SYN-01,SYN-1061-016,0001
MAT-1061,PLANT-02,2026-01,100,EA,261,1,SYN-01,SYN-1061-017,0001
MAT-1061,PLANT-02,2026-02,100,EA,261,1,SYN-01,SYN-1061-018,0001
MAT-1061,PLANT-02,2026-03,100,EA,261,1,SYN-01,SYN-1061-019,0001
MAT-1061,PLANT-02,2026-04,100,EA,261,1,SYN-01,SYN-1061-020,0001
MAT-1061,PLANT-02,2026-05,100,EA,261,1,SYN-01,SYN-1061-021,0001
MAT-1061,PLANT-02,2026-06,100,EA,261,1,SYN-01,SYN-1061-022,0001
MAT-1061,PLANT-02,2026-07,100,EA,261,1,SYN-01,SYN-1061-023,0001
MAT-1061,PLANT-02,2026-08,100,EA,261,1,SYN-01,SYN-1061-024,0001
MAT-1062,PLANT-03,2024-09,100,EA,261,1,SYN-01,SYN-1062-001,0001
MAT-1062,PLANT-03,2024-10,100,EA,261,1,SYN-01,SYN-1062-002,0001
MAT-1062,PLANT-03,2024-11,100,EA,261,1,SYN-01,SYN-1062-003,0001
MAT-1062,PLANT-03,2024-12,100,EA,261,1,SYN-01,SYN-1062-004,0001
MAT-1062,PLANT-03,2025-01,100,EA,261,1,SYN-01,SYN-1062-005,0001
MAT-1062,PLANT-03,2025-02,100,EA,261,1,SYN-01,SYN-1062-006,0001
MAT-1062,PLANT-03,2025-03,100,EA,261,1,SYN-01,SYN-1062-007,0001
MAT-1062,PLANT-03,2025-04,100,EA,261,1,SYN-01,SYN-1062-008,0001
MAT-1062,PLANT-03,2025-05,100,EA,261,1,SYN-01,SYN-1062-009,0001
MAT-1062,PLANT-03,2025-06,100,EA,261,1,SYN-01,SYN-1062-010,0001
MAT-1062,PLANT-03,2025-07,100,EA,261,1,SYN-01,SYN-1062-011,0001
MAT-1062,PLANT-03,2025-08,100,EA,261,1,SYN-01,SYN-1062-012,0001
MAT-1062,PLANT-03,2025-09,100,EA,261,1,SYN-01,SYN-1062-013,0001
MAT-1062,PLANT-03,2025-10,100,EA,261,1,SYN-01,SYN-1062-014,0001
MAT-1062,PLANT-03,2025-11,100,EA,261,1,SYN-01,SYN-1062-015,0001
MAT-1062,PLANT-03,2025-12,100,EA,261,1,SYN-01,SYN-1062-016,0001
MAT-1062,PLANT-03,2026-01,100,EA,261,1,SYN-01,SYN-1062-017,0001
MAT-1062,PLANT-03,2026-02,100,EA,261,1,SYN-01,SYN-1062-018,0001
MAT-1062,PLANT-03,2026-03,100,EA,261,1,SYN-01,SYN-1062-019,0001
MAT-1062,PLANT-03,2026-04,100,EA,261,1,SYN-01,SYN-1062-020,0001
MAT-1062,PLANT-03,2026-05,100,EA,261,1,SYN-01,SYN-1062-021,0001
MAT-1062,PLANT-03,2026-06,100,EA,261,1,SYN-01,SYN-1062-022,0001
MAT-1062,PLANT-03,2026-07,100,EA,261,1,SYN-01,SYN-1062-023,0001
MAT-1062,PLANT-03,2026-08,100,EA,261,1,SYN-01,SYN-1062-024,0001
MAT-1063,PLANT-04,2024-09,100,EA,261,1,SYN-01,SYN-1063-001,0001
MAT-1063,PLANT-04,2024-10,100,EA,261,1,SYN-01,SYN-1063-002,0001
MAT-1063,PLANT-04,2024-11,100,EA,261,1,SYN-01,SYN-1063-003,0001
MAT-1063,PLANT-04,2024-12,100,EA,261,1,SYN-01,SYN-1063-004,0001
MAT-1063,PLANT-04,2025-01,100,EA,261,1,SYN-01,SYN-1063-005,0001
MAT-1063,PLANT-04,2025-02,100,EA,261,1,SYN-01,SYN-1063-006,0001
MAT-1063,PLANT-04,2025-03,100,EA,261,1,SYN-01,SYN-1063-007,0001
MAT-1063,PLANT-04,2025-04,100,EA,261,1,SYN-01,SYN-1063-008,0001
MAT-1063,PLANT-04,2025-05,100,EA,261,1,SYN-01,SYN-1063-009,0001
MAT-1063,PLANT-04,2025-06,100,EA,261,1,SYN-01,SYN-1063-010,0001
MAT-1063,PLANT-04,2025-07,100,EA,261,1,SYN-01,SYN-1063-011,0001
MAT-1063,PLANT-04,2025-08,100,EA,261,1,SYN-01,SYN-1063-012,0001
MAT-1063,PLANT-04,2025-09,100,EA,261,1,SYN-01,SYN-1063-013,0001
MAT-1063,PLANT-04,2025-10,100,EA,261,1,SYN-01,SYN-1063-014,0001
MAT-1063,PLANT-04,2025-11,100,EA,261,1,SYN-01,SYN-1063-015,0001
MAT-1063,PLANT-04,2025-12,100,EA,261,1,SYN-01,SYN-1063-016,0001
MAT-1063,PLANT-04,2026-01,100,EA,261,1,SYN-01,SYN-1063-017,0001
MAT-1063,PLANT-04,2026-02,100,EA,261,1,SYN-01,SYN-1063-018,0001
MAT-1063,PLANT-04,2026-03,100,EA,261,1,SYN-01,SYN-1063-019,0001
MAT-1063,PLANT-04,2026-04,100,EA,261,1,SYN-01,SYN-1063-020,0001
MAT-1063,PLANT-04,2026-05,100,EA,261,1,SYN-01,SYN-1063-021,0001
MAT-1063,PLANT-04,2026-06,100,EA,261,1,SYN-01,SYN-1063-022,0001
MAT-1063,PLANT-04,2026-07,100,EA,261,1,SYN-01,SYN-1063-023,0001
MAT-1063,PLANT-04,2026-08,100,EA,261,1,SYN-01,SYN-1063-024,0001
MAT-1064,PLANT-01,2024-09,100,EA,261,1,SYN-01,SYN-1064-001,0001
MAT-1064,PLANT-01,2024-10,100,EA,261,1,SYN-01,SYN-1064-002,0001
MAT-1064,PLANT-01,2024-11,100,EA,261,1,SYN-01,SYN-1064-003,0001
MAT-1064,PLANT-01,2024-12,100,EA,261,1,SYN-01,SYN-1064-004,0001
MAT-1064,PLANT-01,2025-01,100,EA,261,1,SYN-01,SYN-1064-005,0001
MAT-1064,PLANT-01,2025-02,100,EA,261,1,SYN-01,SYN-1064-006,0001
MAT-1064,PLANT-01,2025-03,100,EA,261,1,SYN-01,SYN-1064-007,0001
MAT-1064,PLANT-01,2025-04,100,EA,261,1,SYN-01,SYN-1064-008,0001
MAT-1064,PLANT-01,2025-05,100,EA,261,1,SYN-01,SYN-1064-009,0001
MAT-1064,PLANT-01,2025-06,100,EA,261,1,SYN-01,SYN-1064-010,0001
MAT-1064,PLANT-01,2025-07,100,EA,261,1,SYN-01,SYN-1064-011,0001
MAT-1064,PLANT-01,2025-08,100,EA,261,1,SYN-01,SYN-1064-012,0001
MAT-1064,PLANT-01,2025-09,100,EA,261,1,SYN-01,SYN-1064-013,0001
MAT-1064,PLANT-01,2025-10,100,EA,261,1,SYN-01,SYN-1064-014,0001
MAT-1064,PLANT-01,2025-11,100,EA,261,1,SYN-01,SYN-1064-015,0001
MAT-1064,PLANT-01,2025-12,100,EA,261,1,SYN-01,SYN-1064-016,0001
MAT-1064,PLANT-01,2026-01,100,EA,261,1,SYN-01,SYN-1064-017,0001
MAT-1064,PLANT-01,2026-02,100,EA,261,1,SYN-01,SYN-1064-018,0001
MAT-1064,PLANT-01,2026-03,100,EA,261,1,SYN-01,SYN-1064-019,0001
MAT-1064,PLANT-01,2026-04,100,EA,261,1,SYN-01,SYN-1064-020,0001
MAT-1064,PLANT-01,2026-05,100,EA,261,1,SYN-01,SYN-1064-021,0001
MAT-1064,PLANT-01,2026-06,100,EA,261,1,SYN-01,SYN-1064-022,0001
MAT-1064,PLANT-01,2026-07,100,EA,261,1,SYN-01,SYN-1064-023,0001
MAT-1064,PLANT-01,2026-08,100,EA,261,1,SYN-01,SYN-1064-024,0001
MAT-1065,PLANT-02,2024-09,100,EA,261,1,SYN-01,SYN-1065-001,0001
MAT-1065,PLANT-02,2024-10,100,EA,261,1,SYN-01,SYN-1065-002,0001
MAT-1065,PLANT-02,2024-11,100,EA,261,1,SYN-01,SYN-1065-003,0001
MAT-1065,PLANT-02,2024-12,100,EA,261,1,SYN-01,SYN-1065-004,0001
MAT-1065,PLANT-02,2025-01,100,EA,261,1,SYN-01,SYN-1065-005,0001
MAT-1065,PLANT-02,2025-02,100,EA,261,1,SYN-01,SYN-1065-006,0001
MAT-1065,PLANT-02,2025-03,100,EA,261,1,SYN-01,SYN-1065-007,0001
MAT-1065,PLANT-02,2025-04,100,EA,261,1,SYN-01,SYN-1065-008,0001
MAT-1065,PLANT-02,2025-05,100,EA,261,1,SYN-01,SYN-1065-009,0001
MAT-1065,PLANT-02,2025-06,100,EA,261,1,SYN-01,SYN-1065-010,0001
MAT-1065,PLANT-02,2025-07,100,EA,261,1,SYN-01,SYN-1065-011,0001
MAT-1065,PLANT-02,2025-08,100,EA,261,1,SYN-01,SYN-1065-012,0001
MAT-1065,PLANT-02,2025-09,100,EA,261,1,SYN-01,SYN-1065-013,0001
MAT-1065,PLANT-02,2025-10,100,EA,261,1,SYN-01,SYN-1065-014,0001
MAT-1065,PLANT-02,2025-11,100,EA,261,1,SYN-01,SYN-1065-015,0001
MAT-1065,PLANT-02,2025-12,100,EA,261,1,SYN-01,SYN-1065-016,0001
MAT-1065,PLANT-02,2026-01,100,EA,261,1,SYN-01,SYN-1065-017,0001
MAT-1065,PLANT-02,2026-02,100,EA,261,1,SYN-01,SYN-1065-018,0001
MAT-1065,PLANT-02,2026-03,100,EA,261,1,SYN-01,SYN-1065-019,0001
MAT-1065,PLANT-02,2026-04,100,EA,261,1,SYN-01,SYN-1065-020,0001
MAT-1065,PLANT-02,2026-05,100,EA,261,1,SYN-01,SYN-1065-021,0001
MAT-1065,PLANT-02,2026-06,100,EA,261,1,SYN-01,SYN-1065-022,0001
MAT-1065,PLANT-02,2026-07,100,EA,261,1,SYN-01,SYN-1065-023,0001
MAT-1065,PLANT-02,2026-08,100,EA,261,1,SYN-01,SYN-1065-024,0001
MAT-1066,PLANT-03,2024-09,100,EA,261,1,SYN-01,SYN-1066-001,0001
MAT-1066,PLANT-03,2024-10,100,EA,261,1,SYN-01,SYN-1066-002,0001
MAT-1066,PLANT-03,2024-11,100,EA,261,1,SYN-01,SYN-1066-003,0001
MAT-1066,PLANT-03,2024-12,100,EA,261,1,SYN-01,SYN-1066-004,0001
MAT-1066,PLANT-03,2025-01,100,EA,261,1,SYN-01,SYN-1066-005,0001
MAT-1066,PLANT-03,2025-02,100,EA,261,1,SYN-01,SYN-1066-006,0001
MAT-1066,PLANT-03,2025-03,100,EA,261,1,SYN-01,SYN-1066-007,0001
MAT-1066,PLANT-03,2025-04,100,EA,261,1,SYN-01,SYN-1066-008,0001
MAT-1066,PLANT-03,2025-05,100,EA,261,1,SYN-01,SYN-1066-009,0001
MAT-1066,PLANT-03,2025-06,100,EA,261,1,SYN-01,SYN-1066-010,0001
MAT-1066,PLANT-03,2025-07,100,EA,261,1,SYN-01,SYN-1066-011,0001
MAT-1066,PLANT-03,2025-08,100,EA,261,1,SYN-01,SYN-1066-012,0001
MAT-1066,PLANT-03,2025-09,100,EA,261,1,SYN-01,SYN-1066-013,0001
MAT-1066,PLANT-03,2025-10,100,EA,261,1,SYN-01,SYN-1066-014,0001
MAT-1066,PLANT-03,2025-11,100,EA,261,1,SYN-01,SYN-1066-015,0001
MAT-1066,PLANT-03,2025-12,100,EA,261,1,SYN-01,SYN-1066-016,0001
MAT-1066,PLANT-03,2026-01,100,EA,261,1,SYN-01,SYN-1066-017,0001
MAT-1066,PLANT-03,2026-02,100,EA,261,1,SYN-01,SYN-1066-018,0001
MAT-1066,PLANT-03,2026-03,100,EA,261,1,SYN-01,SYN-1066-019,0001
MAT-1066,PLANT-03,2026-04,100,EA,261,1,SYN-01,SYN-1066-020,0001
MAT-1066,PLANT-03,2026-05,100,EA,261,1,SYN-01,SYN-1066-021,0001
MAT-1066,PLANT-03,2026-06,100,EA,261,1,SYN-01,SYN-1066-022,0001
MAT-1066,PLANT-03,2026-07,100,EA,261,1,SYN-01,SYN-1066-023,0001
MAT-1066,PLANT-03,2026-08,100,EA,261,1,SYN-01,SYN-1066-024,0001
MAT-1067,PLANT-04,2024-09,100,EA,261,1,SYN-01,SYN-1067-001,0001
MAT-1067,PLANT-04,2024-10,100,EA,261,1,SYN-01,SYN-1067-002,0001
MAT-1067,PLANT-04,2024-11,100,EA,261,1,SYN-01,SYN-1067-003,0001
MAT-1067,PLANT-04,2024-12,100,EA,261,1,SYN-01,SYN-1067-004,0001
MAT-1067,PLANT-04,2025-01,100,EA,261,1,SYN-01,SYN-1067-005,0001
MAT-1067,PLANT-04,2025-02,100,EA,261,1,SYN-01,SYN-1067-006,0001
MAT-1067,PLANT-04,2025-03,100,EA,261,1,SYN-01,SYN-1067-007,0001
MAT-1067,PLANT-04,2025-04,100,EA,261,1,SYN-01,SYN-1067-008,0001
MAT-1067,PLANT-04,2025-05,100,EA,261,1,SYN-01,SYN-1067-009,0001
MAT-1067,PLANT-04,2025-06,100,EA,261,1,SYN-01,SYN-1067-010,0001
MAT-1067,PLANT-04,2025-07,100,EA,261,1,SYN-01,SYN-1067-011,0001
MAT-1067,PLANT-04,2025-08,100,EA,261,1,SYN-01,SYN-1067-012,0001
MAT-1067,PLANT-04,2025-09,100,EA,261,1,SYN-01,SYN-1067-013,0001
MAT-1067,PLANT-04,2025-10,100,EA,261,1,SYN-01,SYN-1067-014,0001
MAT-1067,PLANT-04,2025-11,100,EA,261,1,SYN-01,SYN-1067-015,0001
MAT-1067,PLANT-04,2025-12,100,EA,261,1,SYN-01,SYN-1067-016,0001
MAT-1067,PLANT-04,2026-01,100,EA,261,1,SYN-01,SYN-1067-017,0001
MAT-1067,PLANT-04,2026-02,100,EA,261,1,SYN-01,SYN-1067-018,0001
MAT-1067,PLANT-04,2026-03,100,EA,261,1,SYN-01,SYN-1067-019,0001
MAT-1067,PLANT-04,2026-04,100,EA,261,1,SYN-01,SYN-1067-020,0001
MAT-1067,PLANT-04,2026-05,100,EA,261,1,SYN-01,SYN-1067-021,0001
MAT-1067,PLANT-04,2026-06,100,EA,261,1,SYN-01,SYN-1067-022,0001
MAT-1067,PLANT-04,2026-07,100,EA,261,1,SYN-01,SYN-1067-023,0001
MAT-1067,PLANT-04,2026-08,100,EA,261,1,SYN-01,SYN-1067-024,0001
MAT-1068,PLANT-01,2024-09,100,EA,261,1,SYN-01,SYN-1068-001,0001
MAT-1068,PLANT-01,2024-10,100,EA,261,1,SYN-01,SYN-1068-002,0001
MAT-1068,PLANT-01,2024-11,100,EA,261,1,SYN-01,SYN-1068-003,0001
MAT-1068,PLANT-01,2024-12,100,EA,261,1,SYN-01,SYN-1068-004,0001
MAT-1068,PLANT-01,2025-01,100,EA,261,1,SYN-01,SYN-1068-005,0001
MAT-1068,PLANT-01,2025-02,100,EA,261,1,SYN-01,SYN-1068-006,0001
MAT-1068,PLANT-01,2025-03,100,EA,261,1,SYN-01,SYN-1068-007,0001
MAT-1068,PLANT-01,2025-04,100,EA,261,1,SYN-01,SYN-1068-008,0001
MAT-1068,PLANT-01,2025-05,100,EA,261,1,SYN-01,SYN-1068-009,0001
MAT-1068,PLANT-01,2025-06,100,EA,261,1,SYN-01,SYN-1068-010,0001
MAT-1068,PLANT-01,2025-07,100,EA,261,1,SYN-01,SYN-1068-011,0001
MAT-1068,PLANT-01,2025-08,100,EA,261,1,SYN-01,SYN-1068-012,0001
MAT-1068,PLANT-01,2025-09,100,EA,261,1,SYN-01,SYN-1068-013,0001
MAT-1068,PLANT-01,2025-10,100,EA,261,1,SYN-01,SYN-1068-014,0001
MAT-1068,PLANT-01,2025-11,100,EA,261,1,SYN-01,SYN-1068-015,0001
MAT-1068,PLANT-01,2025-12,100,EA,261,1,SYN-01,SYN-1068-016,0001
MAT-1068,PLANT-01,2026-01,100,EA,261,1,SYN-01,SYN-1068-017,0001
MAT-1068,PLANT-01,2026-02,100,EA,261,1,SYN-01,SYN-1068-018,0001
MAT-1068,PLANT-01,2026-03,100,EA,261,1,SYN-01,SYN-1068-019,0001
MAT-1068,PLANT-01,2026-04,100,EA,261,1,SYN-01,SYN-1068-020,0001
MAT-1068,PLANT-01,2026-05,100,EA,261,1,SYN-01,SYN-1068-021,0001
MAT-1068,PLANT-01,2026-06,100,EA,261,1,SYN-01,SYN-1068-022,0001
MAT-1068,PLANT-01,2026-07,100,EA,261,1,SYN-01,SYN-1068-023,0001
MAT-1068,PLANT-01,2026-08,100,EA,261,1,SYN-01,SYN-1068-024,0001
MAT-1069,PLANT-02,2024-09,100,EA,261,1,SYN-01,SYN-1069-001,0001
MAT-1069,PLANT-02,2024-10,100,EA,261,1,SYN-01,SYN-1069-002,0001
MAT-1069,PLANT-02,2024-11,100,EA,261,1,SYN-01,SYN-1069-003,0001
MAT-1069,PLANT-02,2024-12,100,EA,261,1,SYN-01,SYN-1069-004,0001
MAT-1069,PLANT-02,2025-01,100,EA,261,1,SYN-01,SYN-1069-005,0001
MAT-1069,PLANT-02,2025-02,100,EA,261,1,SYN-01,SYN-1069-006,0001
MAT-1069,PLANT-02,2025-03,100,EA,261,1,SYN-01,SYN-1069-007,0001
MAT-1069,PLANT-02,2025-04,100,EA,261,1,SYN-01,SYN-1069-008,0001
MAT-1069,PLANT-02,2025-05,100,EA,261,1,SYN-01,SYN-1069-009,0001
MAT-1069,PLANT-02,2025-06,100,EA,261,1,SYN-01,SYN-1069-010,0001
MAT-1069,PLANT-02,2025-07,100,EA,261,1,SYN-01,SYN-1069-011,0001
MAT-1069,PLANT-02,2025-08,100,EA,261,1,SYN-01,SYN-1069-012,0001
MAT-1069,PLANT-02,2025-09,100,EA,261,1,SYN-01,SYN-1069-013,0001
MAT-1069,PLANT-02,2025-10,100,EA,261,1,SYN-01,SYN-1069-014,0001
MAT-1069,PLANT-02,2025-11,100,EA,261,1,SYN-01,SYN-1069-015,0001
MAT-1069,PLANT-02,2025-12,100,EA,261,1,SYN-01,SYN-1069-016,0001
MAT-1069,PLANT-02,2026-01,100,EA,261,1,SYN-01,SYN-1069-017,0001
MAT-1069,PLANT-02,2026-02,100,EA,261,1,SYN-01,SYN-1069-018,0001
MAT-1069,PLANT-02,2026-03,100,EA,261,1,SYN-01,SYN-1069-019,0001
MAT-1069,PLANT-02,2026-04,100,EA,261,1,SYN-01,SYN-1069-020,0001
MAT-1069,PLANT-02,2026-05,100,EA,261,1,SYN-01,SYN-1069-021,0001
MAT-1069,PLANT-02,2026-06,100,EA,261,1,SYN-01,SYN-1069-022,0001
MAT-1069,PLANT-02,2026-07,100,EA,261,1,SYN-01,SYN-1069-023,0001
MAT-1069,PLANT-02,2026-08,100,EA,261,1,SYN-01,SYN-1069-024,0001
MAT-1070,PLANT-03,2024-09,100,EA,261,1,SYN-01,SYN-1070-001,0001
MAT-1070,PLANT-03,2024-10,100,EA,261,1,SYN-01,SYN-1070-002,0001
MAT-1070,PLANT-03,2024-11,100,EA,261,1,SYN-01,SYN-1070-003,0001
MAT-1070,PLANT-03,2024-12,100,EA,261,1,SYN-01,SYN-1070-004,0001
MAT-1070,PLANT-03,2025-01,100,EA,261,1,SYN-01,SYN-1070-005,0001
MAT-1070,PLANT-03,2025-02,100,EA,261,1,SYN-01,SYN-1070-006,0001
MAT-1070,PLANT-03,2025-03,100,EA,261,1,SYN-01,SYN-1070-007,0001
MAT-1070,PLANT-03,2025-04,100,EA,261,1,SYN-01,SYN-1070-008,0001
MAT-1070,PLANT-03,2025-05,100,EA,261,1,SYN-01,SYN-1070-009,0001
MAT-1070,PLANT-03,2025-06,100,EA,261,1,SYN-01,SYN-1070-010,0001
MAT-1070,PLANT-03,2025-07,100,EA,261,1,SYN-01,SYN-1070-011,0001
MAT-1070,PLANT-03,2025-08,100,EA,261,1,SYN-01,SYN-1070-012,0001
MAT-1070,PLANT-03,2025-09,100,EA,261,1,SYN-01,SYN-1070-013,0001
MAT-1070,PLANT-03,2025-10,100,EA,261,1,SYN-01,SYN-1070-014,0001
MAT-1070,PLANT-03,2025-11,100,EA,261,1,SYN-01,SYN-1070-015,0001
MAT-1070,PLANT-03,2025-12,100,EA,261,1,SYN-01,SYN-1070-016,0001
MAT-1070,PLANT-03,2026-01,100,EA,261,1,SYN-01,SYN-1070-017,0001
MAT-1070,PLANT-03,2026-02,100,EA,261,1,SYN-01,SYN-1070-018,0001
MAT-1070,PLANT-03,2026-03,100,EA,261,1,SYN-01,SYN-1070-019,0001
MAT-1070,PLANT-03,2026-04,100,EA,261,1,SYN-01,SYN-1070-020,0001
MAT-1070,PLANT-03,2026-05,100,EA,261,1,SYN-01,SYN-1070-021,0001
MAT-1070,PLANT-03,2026-06,100,EA,261,1,SYN-01,SYN-1070-022,0001
MAT-1070,PLANT-03,2026-07,100,EA,261,1,SYN-01,SYN-1070-023,0001
MAT-1070,PLANT-03,2026-08,100,EA,261,1,SYN-01,SYN-1070-024,0001
MAT-1071,PLANT-04,2024-09,100,EA,261,1,SYN-01,SYN-1071-001,0001
MAT-1071,PLANT-04,2024-10,100,EA,261,1,SYN-01,SYN-1071-002,0001
MAT-1071,PLANT-04,2024-11,100,EA,261,1,SYN-01,SYN-1071-003,0001
MAT-1071,PLANT-04,2024-12,100,EA,261,1,SYN-01,SYN-1071-004,0001
MAT-1071,PLANT-04,2025-01,100,EA,261,1,SYN-01,SYN-1071-005,0001
MAT-1071,PLANT-04,2025-02,100,EA,261,1,SYN-01,SYN-1071-006,0001
MAT-1071,PLANT-04,2025-03,100,EA,261,1,SYN-01,SYN-1071-007,0001
MAT-1071,PLANT-04,2025-04,100,EA,261,1,SYN-01,SYN-1071-008,0001
MAT-1071,PLANT-04,2025-05,100,EA,261,1,SYN-01,SYN-1071-009,0001
MAT-1071,PLANT-04,2025-06,100,EA,261,1,SYN-01,SYN-1071-010,0001
MAT-1071,PLANT-04,2025-07,100,EA,261,1,SYN-01,SYN-1071-011,0001
MAT-1071,PLANT-04,2025-08,100,EA,261,1,SYN-01,SYN-1071-012,0001
MAT-1071,PLANT-04,2025-09,100,EA,261,1,SYN-01,SYN-1071-013,0001
MAT-1071,PLANT-04,2025-10,100,EA,261,1,SYN-01,SYN-1071-014,0001
MAT-1071,PLANT-04,2025-11,100,EA,261,1,SYN-01,SYN-1071-015,0001
MAT-1071,PLANT-04,2025-12,100,EA,261,1,SYN-01,SYN-1071-016,0001
MAT-1071,PLANT-04,2026-01,100,EA,261,1,SYN-01,SYN-1071-017,0001
MAT-1071,PLANT-04,2026-02,100,EA,261,1,SYN-01,SYN-1071-018,0001
MAT-1071,PLANT-04,2026-03,100,EA,261,1,SYN-01,SYN-1071-019,0001
MAT-1071,PLANT-04,2026-04,100,EA,261,1,SYN-01,SYN-1071-020,0001
MAT-1071,PLANT-04,2026-05,100,EA,261,1,SYN-01,SYN-1071-021,0001
MAT-1071,PLANT-04,2026-06,100,EA,261,1,SYN-01,SYN-1071-022,0001
MAT-1071,PLANT-04,2026-07,100,EA,261,1,SYN-01,SYN-1071-023,0001
MAT-1071,PLANT-04,2026-08,100,EA,261,1,SYN-01,SYN-1071-024,0001
MAT-1072,PLANT-01,2024-09,100,EA,261,1,SYN-01,SYN-1072-001,0001
MAT-1072,PLANT-01,2024-10,100,EA,261,1,SYN-01,SYN-1072-002,0001
MAT-1072,PLANT-01,2024-11,100,EA,261,1,SYN-01,SYN-1072-003,0001
MAT-1072,PLANT-01,2024-12,100,EA,261,1,SYN-01,SYN-1072-004,0001
MAT-1072,PLANT-01,2025-01,100,EA,261,1,SYN-01,SYN-1072-005,0001
MAT-1072,PLANT-01,2025-02,100,EA,261,1,SYN-01,SYN-1072-006,0001
MAT-1072,PLANT-01,2025-03,100,EA,261,1,SYN-01,SYN-1072-007,0001
MAT-1072,PLANT-01,2025-04,100,EA,261,1,SYN-01,SYN-1072-008,0001
MAT-1072,PLANT-01,2025-05,100,EA,261,1,SYN-01,SYN-1072-009,0001
MAT-1072,PLANT-01,2025-06,100,EA,261,1,SYN-01,SYN-1072-010,0001
MAT-1072,PLANT-01,2025-07,100,EA,261,1,SYN-01,SYN-1072-011,0001
MAT-1072,PLANT-01,2025-08,100,EA,261,1,SYN-01,SYN-1072-012,0001
MAT-1072,PLANT-01,2025-09,100,EA,261,1,SYN-01,SYN-1072-013,0001
MAT-1072,PLANT-01,2025-10,100,EA,261,1,SYN-01,SYN-1072-014,0001
MAT-1072,PLANT-01,2025-11,100,EA,261,1,SYN-01,SYN-1072-015,0001
MAT-1072,PLANT-01,2025-12,100,EA,261,1,SYN-01,SYN-1072-016,0001
MAT-1072,PLANT-01,2026-01,100,EA,261,1,SYN-01,SYN-1072-017,0001
MAT-1072,PLANT-01,2026-02,100,EA,261,1,SYN-01,SYN-1072-018,0001
MAT-1072,PLANT-01,2026-03,100,EA,261,1,SYN-01,SYN-1072-019,0001
MAT-1072,PLANT-01,2026-04,100,EA,261,1,SYN-01,SYN-1072-020,0001
MAT-1072,PLANT-01,2026-05,100,EA,261,1,SYN-01,SYN-1072-021,0001
MAT-1072,PLANT-01,2026-06,100,EA,261,1,SYN-01,SYN-1072-022,0001
MAT-1072,PLANT-01,2026-07,100,EA,261,1,SYN-01,SYN-1072-023,0001
MAT-1072,PLANT-01,2026-08,100,EA,261,1,SYN-01,SYN-1072-024,0001
MAT-1073,PLANT-02,2024-09,100,EA,261,1,SYN-01,SYN-1073-001,0001
MAT-1073,PLANT-02,2024-10,100,EA,261,1,SYN-01,SYN-1073-002,0001
MAT-1073,PLANT-02,2024-11,100,EA,261,1,SYN-01,SYN-1073-003,0001
MAT-1073,PLANT-02,2024-12,100,EA,261,1,SYN-01,SYN-1073-004,0001
MAT-1073,PLANT-02,2025-01,100,EA,261,1,SYN-01,SYN-1073-005,0001
MAT-1073,PLANT-02,2025-02,100,EA,261,1,SYN-01,SYN-1073-006,0001
MAT-1073,PLANT-02,2025-03,100,EA,261,1,SYN-01,SYN-1073-007,0001
MAT-1073,PLANT-02,2025-04,100,EA,261,1,SYN-01,SYN-1073-008,0001
MAT-1073,PLANT-02,2025-05,100,EA,261,1,SYN-01,SYN-1073-009,0001
MAT-1073,PLANT-02,2025-06,100,EA,261,1,SYN-01,SYN-1073-010,0001
MAT-1073,PLANT-02,2025-07,100,EA,261,1,SYN-01,SYN-1073-011,0001
MAT-1073,PLANT-02,2025-08,100,EA,261,1,SYN-01,SYN-1073-012,0001
MAT-1073,PLANT-02,2025-09,100,EA,261,1,SYN-01,SYN-1073-013,0001
MAT-1073,PLANT-02,2025-10,100,EA,261,1,SYN-01,SYN-1073-014,0001
MAT-1073,PLANT-02,2025-11,100,EA,261,1,SYN-01,SYN-1073-015,0001
MAT-1073,PLANT-02,2025-12,100,EA,261,1,SYN-01,SYN-1073-016,0001
MAT-1073,PLANT-02,2026-01,100,EA,261,1,SYN-01,SYN-1073-017,0001
MAT-1073,PLANT-02,2026-02,100,EA,261,1,SYN-01,SYN-1073-018,0001
MAT-1073,PLANT-02,2026-03,100,EA,261,1,SYN-01,SYN-1073-019,0001
MAT-1073,PLANT-02,2026-04,100,EA,261,1,SYN-01,SYN-1073-020,0001
MAT-1073,PLANT-02,2026-05,100,EA,261,1,SYN-01,SYN-1073-021,0001
MAT-1073,PLANT-02,2026-06,100,EA,261,1,SYN-01,SYN-1073-022,0001
MAT-1073,PLANT-02,2026-07,100,EA,261,1,SYN-01,SYN-1073-023,0001
MAT-1073,PLANT-02,2026-08,100,EA,261,1,SYN-01,SYN-1073-024,0001
MAT-1074,PLANT-03,2024-09,100,EA,261,1,SYN-01,SYN-1074-001,0001
MAT-1074,PLANT-03,2024-10,100,EA,261,1,SYN-01,SYN-1074-002,0001
MAT-1074,PLANT-03,2024-11,100,EA,261,1,SYN-01,SYN-1074-003,0001
MAT-1074,PLANT-03,2024-12,100,EA,261,1,SYN-01,SYN-1074-004,0001
MAT-1074,PLANT-03,2025-01,100,EA,261,1,SYN-01,SYN-1074-005,0001
MAT-1074,PLANT-03,2025-02,100,EA,261,1,SYN-01,SYN-1074-006,0001
MAT-1074,PLANT-03,2025-03,100,EA,261,1,SYN-01,SYN-1074-007,0001
MAT-1074,PLANT-03,2025-04,100,EA,261,1,SYN-01,SYN-1074-008,0001
MAT-1074,PLANT-03,2025-05,100,EA,261,1,SYN-01,SYN-1074-009,0001
MAT-1074,PLANT-03,2025-06,100,EA,261,1,SYN-01,SYN-1074-010,0001
MAT-1074,PLANT-03,2025-07,100,EA,261,1,SYN-01,SYN-1074-011,0001
MAT-1074,PLANT-03,2025-08,100,EA,261,1,SYN-01,SYN-1074-012,0001
MAT-1074,PLANT-03,2025-09,100,EA,261,1,SYN-01,SYN-1074-013,0001
MAT-1074,PLANT-03,2025-10,100,EA,261,1,SYN-01,SYN-1074-014,0001
MAT-1074,PLANT-03,2025-11,100,EA,261,1,SYN-01,SYN-1074-015,0001
MAT-1074,PLANT-03,2025-12,100,EA,261,1,SYN-01,SYN-1074-016,0001
MAT-1074,PLANT-03,2026-01,100,EA,261,1,SYN-01,SYN-1074-017,0001
MAT-1074,PLANT-03,2026-02,100,EA,261,1,SYN-01,SYN-1074-018,0001
MAT-1074,PLANT-03,2026-03,100,EA,261,1,SYN-01,SYN-1074-019,0001
MAT-1074,PLANT-03,2026-04,100,EA,261,1,SYN-01,SYN-1074-020,0001
MAT-1074,PLANT-03,2026-05,100,EA,261,1,SYN-01,SYN-1074-021,0001
MAT-1074,PLANT-03,2026-06,100,EA,261,1,SYN-01,SYN-1074-022,0001
MAT-1074,PLANT-03,2026-07,100,EA,261,1,SYN-01,SYN-1074-023,0001
MAT-1074,PLANT-03,2026-08,100,EA,261,1,SYN-01,SYN-1074-024,0001
MAT-1075,PLANT-04,2024-09,100,EA,261,1,SYN-01,SYN-1075-001,0001
MAT-1075,PLANT-04,2024-10,100,EA,261,1,SYN-01,SYN-1075-002,0001
MAT-1075,PLANT-04,2024-11,100,EA,261,1,SYN-01,SYN-1075-003,0001
MAT-1075,PLANT-04,2024-12,100,EA,261,1,SYN-01,SYN-1075-004,0001
MAT-1075,PLANT-04,2025-01,100,EA,261,1,SYN-01,SYN-1075-005,0001
MAT-1075,PLANT-04,2025-02,100,EA,261,1,SYN-01,SYN-1075-006,0001
MAT-1075,PLANT-04,2025-03,100,EA,261,1,SYN-01,SYN-1075-007,0001
MAT-1075,PLANT-04,2025-04,100,EA,261,1,SYN-01,SYN-1075-008,0001
MAT-1075,PLANT-04,2025-05,100,EA,261,1,SYN-01,SYN-1075-009,0001
MAT-1075,PLANT-04,2025-06,100,EA,261,1,SYN-01,SYN-1075-010,0001
MAT-1075,PLANT-04,2025-07,100,EA,261,1,SYN-01,SYN-1075-011,0001
MAT-1075,PLANT-04,2025-08,100,EA,261,1,SYN-01,SYN-1075-012,0001
MAT-1075,PLANT-04,2025-09,100,EA,261,1,SYN-01,SYN-1075-013,0001
MAT-1075,PLANT-04,2025-10,100,EA,261,1,SYN-01,SYN-1075-014,0001
MAT-1075,PLANT-04,2025-11,100,EA,261,1,SYN-01,SYN-1075-015,0001
MAT-1075,PLANT-04,2025-12,100,EA,261,1,SYN-01,SYN-1075-016,0001
MAT-1075,PLANT-04,2026-01,100,EA,261,1,SYN-01,SYN-1075-017,0001
MAT-1075,PLANT-04,2026-02,100,EA,261,1,SYN-01,SYN-1075-018,0001
MAT-1075,PLANT-04,2026-03,100,EA,261,1,SYN-01,SYN-1075-019,0001
MAT-1075,PLANT-04,2026-04,100,EA,261,1,SYN-01,SYN-1075-020,0001
MAT-1075,PLANT-04,2026-05,100,EA,261,1,SYN-01,SYN-1075-021,0001
MAT-1075,PLANT-04,2026-06,100,EA,261,1,SYN-01,SYN-1075-022,0001
MAT-1075,PLANT-04,2026-07,100,EA,261,1,SYN-01,SYN-1075-023,0001
MAT-1075,PLANT-04,2026-08,100,EA,261,1,SYN-01,SYN-1075-024,0001
MAT-1077,PLANT-02,2024-09,100,EA,261,1,SYN-01,SYN-1077-001,0001
MAT-1077,PLANT-02,2024-10,100,EA,261,1,SYN-01,SYN-1077-002,0001
MAT-1077,PLANT-02,2024-11,100,EA,261,1,SYN-01,SYN-1077-003,0001
MAT-1077,PLANT-02,2024-12,100,EA,261,1,SYN-01,SYN-1077-004,0001
MAT-1077,PLANT-02,2025-01,100,EA,261,1,SYN-01,SYN-1077-005,0001
MAT-1077,PLANT-02,2025-02,100,EA,261,1,SYN-01,SYN-1077-006,0001
MAT-1077,PLANT-02,2025-03,100,EA,261,1,SYN-01,SYN-1077-007,0001
MAT-1077,PLANT-02,2025-04,100,EA,261,1,SYN-01,SYN-1077-008,0001
MAT-1077,PLANT-02,2025-05,100,EA,261,1,SYN-01,SYN-1077-009,0001
MAT-1077,PLANT-02,2025-06,100,EA,261,1,SYN-01,SYN-1077-010,0001
MAT-1077,PLANT-02,2025-07,100,EA,261,1,SYN-01,SYN-1077-011,0001
MAT-1077,PLANT-02,2025-08,100,EA,261,1,SYN-01,SYN-1077-012,0001
MAT-1077,PLANT-02,2025-09,100,EA,261,1,SYN-01,SYN-1077-013,0001
MAT-1077,PLANT-02,2025-10,100,EA,261,1,SYN-01,SYN-1077-014,0001
MAT-1077,PLANT-02,2025-11,100,EA,261,1,SYN-01,SYN-1077-015,0001
MAT-1077,PLANT-02,2025-12,100,EA,261,1,SYN-01,SYN-1077-016,0001
MAT-1077,PLANT-02,2026-01,100,EA,261,1,SYN-01,SYN-1077-017,0001
MAT-1077,PLANT-02,2026-02,100,EA,261,1,SYN-01,SYN-1077-018,0001
MAT-1077,PLANT-02,2026-03,100,EA,261,1,SYN-01,SYN-1077-019,0001
MAT-1077,PLANT-02,2026-04,100,EA,261,1,SYN-01,SYN-1077-020,0001
MAT-1077,PLANT-02,2026-05,100,EA,261,1,SYN-01,SYN-1077-021,0001
MAT-1077,PLANT-02,2026-06,100,EA,261,1,SYN-01,SYN-1077-022,0001
MAT-1077,PLANT-02,2026-07,100,EA,261,1,SYN-01,SYN-1077-023,0001
MAT-1077,PLANT-02,2026-08,100,EA,261,1,SYN-01,SYN-1077-024,0001
MAT-1078,PLANT-03,2024-09,100,EA,261,1,SYN-01,SYN-1078-001,0001
MAT-1078,PLANT-03,2024-10,100,EA,261,1,SYN-01,SYN-1078-002,0001
MAT-1078,PLANT-03,2024-11,100,EA,261,1,SYN-01,SYN-1078-003,0001
MAT-1078,PLANT-03,2024-12,100,EA,261,1,SYN-01,SYN-1078-004,0001
MAT-1078,PLANT-03,2025-01,100,EA,261,1,SYN-01,SYN-1078-005,0001
MAT-1078,PLANT-03,2025-02,100,EA,261,1,SYN-01,SYN-1078-006,0001
MAT-1078,PLANT-03,2025-03,100,EA,261,1,SYN-01,SYN-1078-007,0001
MAT-1078,PLANT-03,2025-04,100,EA,261,1,SYN-01,SYN-1078-008,0001
MAT-1078,PLANT-03,2025-05,100,EA,261,1,SYN-01,SYN-1078-009,0001
MAT-1078,PLANT-03,2025-06,100,EA,261,1,SYN-01,SYN-1078-010,0001
MAT-1078,PLANT-03,2025-07,100,EA,261,1,SYN-01,SYN-1078-011,0001
MAT-1078,PLANT-03,2025-08,100,EA,261,1,SYN-01,SYN-1078-012,0001
MAT-1078,PLANT-03,2025-09,100,EA,261,1,SYN-01,SYN-1078-013,0001
MAT-1078,PLANT-03,2025-10,100,EA,261,1,SYN-01,SYN-1078-014,0001
MAT-1078,PLANT-03,2025-11,100,EA,261,1,SYN-01,SYN-1078-015,0001
MAT-1078,PLANT-03,2025-12,100,EA,261,1,SYN-01,SYN-1078-016,0001
MAT-1078,PLANT-03,2026-01,100,EA,261,1,SYN-01,SYN-1078-017,0001
MAT-1078,PLANT-03,2026-02,100,EA,261,1,SYN-01,SYN-1078-018,0001
MAT-1078,PLANT-03,2026-03,100,EA,261,1,SYN-01,SYN-1078-019,0001
MAT-1078,PLANT-03,2026-04,100,EA,261,1,SYN-01,SYN-1078-020,0001
MAT-1078,PLANT-03,2026-05,100,EA,261,1,SYN-01,SYN-1078-021,0001
MAT-1078,PLANT-03,2026-06,100,EA,261,1,SYN-01,SYN-1078-022,0001
MAT-1078,PLANT-03,2026-07,100,EA,261,1,SYN-01,SYN-1078-023,0001
MAT-1078,PLANT-03,2026-08,100,EA,261,1,SYN-01,SYN-1078-024,0001
MAT-1079,PLANT-04,2024-09,100,EA,261,1,SYN-01,SYN-1079-001,0001
MAT-1079,PLANT-04,2024-10,100,EA,261,1,SYN-01,SYN-1079-002,0001
MAT-1079,PLANT-04,2024-11,100,EA,261,1,SYN-01,SYN-1079-003,0001
MAT-1079,PLANT-04,2024-12,100,EA,261,1,SYN-01,SYN-1079-004,0001
MAT-1079,PLANT-04,2025-01,100,EA,261,1,SYN-01,SYN-1079-005,0001
MAT-1079,PLANT-04,2025-02,100,EA,261,1,SYN-01,SYN-1079-006,0001
MAT-1079,PLANT-04,2025-03,100,EA,261,1,SYN-01,SYN-1079-007,0001
MAT-1079,PLANT-04,2025-04,100,EA,261,1,SYN-01,SYN-1079-008,0001
MAT-1079,PLANT-04,2025-05,100,EA,261,1,SYN-01,SYN-1079-009,0001
MAT-1079,PLANT-04,2025-06,100,EA,261,1,SYN-01,SYN-1079-010,0001
MAT-1079,PLANT-04,2025-07,100,EA,261,1,SYN-01,SYN-1079-011,0001
MAT-1079,PLANT-04,2025-08,100,EA,261,1,SYN-01,SYN-1079-012,0001
MAT-1079,PLANT-04,2025-09,100,EA,261,1,SYN-01,SYN-1079-013,0001
MAT-1079,PLANT-04,2025-10,100,EA,261,1,SYN-01,SYN-1079-014,0001
MAT-1079,PLANT-04,2025-11,100,EA,261,1,SYN-01,SYN-1079-015,0001
MAT-1079,PLANT-04,2025-12,100,EA,261,1,SYN-01,SYN-1079-016,0001
MAT-1079,PLANT-04,2026-01,100,EA,261,1,SYN-01,SYN-1079-017,0001
MAT-1079,PLANT-04,2026-02,100,EA,261,1,SYN-01,SYN-1079-018,0001
MAT-1079,PLANT-04,2026-03,100,EA,261,1,SYN-01,SYN-1079-019,0001
MAT-1079,PLANT-04,2026-04,100,EA,261,1,SYN-01,SYN-1079-020,0001
MAT-1079,PLANT-04,2026-05,100,EA,261,1,SYN-01,SYN-1079-021,0001
MAT-1079,PLANT-04,2026-06,100,EA,261,1,SYN-01,SYN-1079-022,0001
MAT-1079,PLANT-04,2026-07,100,EA,261,1,SYN-01,SYN-1079-023,0001
MAT-1079,PLANT-04,2026-08,100,EA,261,1,SYN-01,SYN-1079-024,0001
MAT-1080,PLANT-01,2024-09,100,EA,261,1,SYN-01,SYN-1080-001,0001
MAT-1080,PLANT-01,2024-10,100,EA,261,1,SYN-01,SYN-1080-002,0001
MAT-1080,PLANT-01,2024-11,100,EA,261,1,SYN-01,SYN-1080-003,0001
MAT-1080,PLANT-01,2024-12,100,EA,261,1,SYN-01,SYN-1080-004,0001
MAT-1080,PLANT-01,2025-01,100,EA,261,1,SYN-01,SYN-1080-005,0001
MAT-1080,PLANT-01,2025-02,100,EA,261,1,SYN-01,SYN-1080-006,0001
MAT-1080,PLANT-01,2025-03,100,EA,261,1,SYN-01,SYN-1080-007,0001
MAT-1080,PLANT-01,2025-04,100,EA,261,1,SYN-01,SYN-1080-008,0001
MAT-1080,PLANT-01,2025-05,100,EA,261,1,SYN-01,SYN-1080-009,0001
MAT-1080,PLANT-01,2025-06,100,EA,261,1,SYN-01,SYN-1080-010,0001
MAT-1080,PLANT-01,2025-07,100,EA,261,1,SYN-01,SYN-1080-011,0001
MAT-1080,PLANT-01,2025-08,100,EA,261,1,SYN-01,SYN-1080-012,0001
MAT-1080,PLANT-01,2025-09,100,EA,261,1,SYN-01,SYN-1080-013,0001
MAT-1080,PLANT-01,2025-10,100,EA,261,1,SYN-01,SYN-1080-014,0001
MAT-1080,PLANT-01,2025-11,100,EA,261,1,SYN-01,SYN-1080-015,0001
MAT-1080,PLANT-01,2025-12,100,EA,261,1,SYN-01,SYN-1080-016,0001
MAT-1080,PLANT-01,2026-01,100,EA,261,1,SYN-01,SYN-1080-017,0001
MAT-1080,PLANT-01,2026-02,100,EA,261,1,SYN-01,SYN-1080-018,0001
MAT-1080,PLANT-01,2026-03,100,EA,261,1,SYN-01,SYN-1080-019,0001
MAT-1080,PLANT-01,2026-04,100,EA,261,1,SYN-01,SYN-1080-020,0001
MAT-1080,PLANT-01,2026-05,100,EA,261,1,SYN-01,SYN-1080-021,0001
MAT-1080,PLANT-01,2026-06,100,EA,261,1,SYN-01,SYN-1080-022,0001
MAT-1080,PLANT-01,2026-07,100,EA,261,1,SYN-01,SYN-1080-023,0001
MAT-1080,PLANT-01,2026-08,100,EA,261,1,SYN-01,SYN-1080-024,0001
MAT-1081,PLANT-02,2024-09,100,EA,261,1,SYN-01,SYN-1081-001,0001
MAT-1081,PLANT-02,2024-10,100,EA,261,1,SYN-01,SYN-1081-002,0001
MAT-1081,PLANT-02,2024-11,100,EA,261,1,SYN-01,SYN-1081-003,0001
MAT-1081,PLANT-02,2024-12,100,EA,261,1,SYN-01,SYN-1081-004,0001
MAT-1081,PLANT-02,2025-01,100,EA,261,1,SYN-01,SYN-1081-005,0001
MAT-1081,PLANT-02,2025-02,100,EA,261,1,SYN-01,SYN-1081-006,0001
MAT-1081,PLANT-02,2025-03,100,EA,261,1,SYN-01,SYN-1081-007,0001
MAT-1081,PLANT-02,2025-04,100,EA,261,1,SYN-01,SYN-1081-008,0001
MAT-1081,PLANT-02,2025-05,100,EA,261,1,SYN-01,SYN-1081-009,0001
MAT-1081,PLANT-02,2025-06,100,EA,261,1,SYN-01,SYN-1081-010,0001
MAT-1081,PLANT-02,2025-07,100,EA,261,1,SYN-01,SYN-1081-011,0001
MAT-1081,PLANT-02,2025-08,100,EA,261,1,SYN-01,SYN-1081-012,0001
MAT-1081,PLANT-02,2025-09,100,EA,261,1,SYN-01,SYN-1081-013,0001
MAT-1081,PLANT-02,2025-10,100,EA,261,1,SYN-01,SYN-1081-014,0001
MAT-1081,PLANT-02,2025-11,100,EA,261,1,SYN-01,SYN-1081-015,0001
MAT-1081,PLANT-02,2025-12,100,EA,261,1,SYN-01,SYN-1081-016,0001
MAT-1081,PLANT-02,2026-01,100,EA,261,1,SYN-01,SYN-1081-017,0001
MAT-1081,PLANT-02,2026-02,100,EA,261,1,SYN-01,SYN-1081-018,0001
MAT-1081,PLANT-02,2026-03,100,EA,261,1,SYN-01,SYN-1081-019,0001
MAT-1081,PLANT-02,2026-04,100,EA,261,1,SYN-01,SYN-1081-020,0001
MAT-1081,PLANT-02,2026-05,100,EA,261,1,SYN-01,SYN-1081-021,0001
MAT-1081,PLANT-02,2026-06,100,EA,261,1,SYN-01,SYN-1081-022,0001
MAT-1081,PLANT-02,2026-07,100,EA,261,1,SYN-01,SYN-1081-023,0001
MAT-1081,PLANT-02,2026-08,100,EA,261,1,SYN-01,SYN-1081-024,0001
MAT-1082,PLANT-03,2024-09,100,EA,261,1,SYN-01,SYN-1082-001,0001
MAT-1082,PLANT-03,2024-10,100,EA,261,1,SYN-01,SYN-1082-002,0001
MAT-1082,PLANT-03,2024-11,100,EA,261,1,SYN-01,SYN-1082-003,0001
MAT-1082,PLANT-03,2024-12,100,EA,261,1,SYN-01,SYN-1082-004,0001
MAT-1082,PLANT-03,2025-01,100,EA,261,1,SYN-01,SYN-1082-005,0001
MAT-1082,PLANT-03,2025-02,100,EA,261,1,SYN-01,SYN-1082-006,0001
MAT-1082,PLANT-03,2025-03,100,EA,261,1,SYN-01,SYN-1082-007,0001
MAT-1082,PLANT-03,2025-04,100,EA,261,1,SYN-01,SYN-1082-008,0001
MAT-1082,PLANT-03,2025-05,100,EA,261,1,SYN-01,SYN-1082-009,0001
MAT-1082,PLANT-03,2025-06,100,EA,261,1,SYN-01,SYN-1082-010,0001
MAT-1082,PLANT-03,2025-07,100,EA,261,1,SYN-01,SYN-1082-011,0001
MAT-1082,PLANT-03,2025-08,100,EA,261,1,SYN-01,SYN-1082-012,0001
MAT-1082,PLANT-03,2025-09,100,EA,261,1,SYN-01,SYN-1082-013,0001
MAT-1082,PLANT-03,2025-10,100,EA,261,1,SYN-01,SYN-1082-014,0001
MAT-1082,PLANT-03,2025-11,100,EA,261,1,SYN-01,SYN-1082-015,0001
MAT-1082,PLANT-03,2025-12,100,EA,261,1,SYN-01,SYN-1082-016,0001
MAT-1082,PLANT-03,2026-01,100,EA,261,1,SYN-01,SYN-1082-017,0001
MAT-1082,PLANT-03,2026-02,100,EA,261,1,SYN-01,SYN-1082-018,0001
MAT-1082,PLANT-03,2026-03,100,EA,261,1,SYN-01,SYN-1082-019,0001
MAT-1082,PLANT-03,2026-04,100,EA,261,1,SYN-01,SYN-1082-020,0001
MAT-1082,PLANT-03,2026-05,100,EA,261,1,SYN-01,SYN-1082-021,0001
MAT-1082,PLANT-03,2026-06,100,EA,261,1,SYN-01,SYN-1082-022,0001
MAT-1082,PLANT-03,2026-07,100,EA,261,1,SYN-01,SYN-1082-023,0001
MAT-1082,PLANT-03,2026-08,100,EA,261,1,SYN-01,SYN-1082-024,0001
MAT-1083,PLANT-04,2024-09,100,EA,261,1,SYN-01,SYN-1083-001,0001
MAT-1083,PLANT-04,2024-10,100,EA,261,1,SYN-01,SYN-1083-002,0001
MAT-1083,PLANT-04,2024-11,100,EA,261,1,SYN-01,SYN-1083-003,0001
MAT-1083,PLANT-04,2024-12,100,EA,261,1,SYN-01,SYN-1083-004,0001
MAT-1083,PLANT-04,2025-01,100,EA,261,1,SYN-01,SYN-1083-005,0001
MAT-1083,PLANT-04,2025-02,100,EA,261,1,SYN-01,SYN-1083-006,0001
MAT-1083,PLANT-04,2025-03,100,EA,261,1,SYN-01,SYN-1083-007,0001
MAT-1083,PLANT-04,2025-04,100,EA,261,1,SYN-01,SYN-1083-008,0001
MAT-1083,PLANT-04,2025-05,100,EA,261,1,SYN-01,SYN-1083-009,0001
MAT-1083,PLANT-04,2025-06,100,EA,261,1,SYN-01,SYN-1083-010,0001
MAT-1083,PLANT-04,2025-07,100,EA,261,1,SYN-01,SYN-1083-011,0001
MAT-1083,PLANT-04,2025-08,100,EA,261,1,SYN-01,SYN-1083-012,0001
MAT-1083,PLANT-04,2025-09,100,EA,261,1,SYN-01,SYN-1083-013,0001
MAT-1083,PLANT-04,2025-10,100,EA,261,1,SYN-01,SYN-1083-014,0001
MAT-1083,PLANT-04,2025-11,100,EA,261,1,SYN-01,SYN-1083-015,0001
MAT-1083,PLANT-04,2025-12,100,EA,261,1,SYN-01,SYN-1083-016,0001
MAT-1083,PLANT-04,2026-01,100,EA,261,1,SYN-01,SYN-1083-017,0001
MAT-1083,PLANT-04,2026-02,100,EA,261,1,SYN-01,SYN-1083-018,0001
MAT-1083,PLANT-04,2026-03,100,EA,261,1,SYN-01,SYN-1083-019,0001
MAT-1083,PLANT-04,2026-04,100,EA,261,1,SYN-01,SYN-1083-020,0001
MAT-1083,PLANT-04,2026-05,100,EA,261,1,SYN-01,SYN-1083-021,0001
MAT-1083,PLANT-04,2026-06,100,EA,261,1,SYN-01,SYN-1083-022,0001
MAT-1083,PLANT-04,2026-07,100,EA,261,1,SYN-01,SYN-1083-023,0001
MAT-1083,PLANT-04,2026-08,100,EA,261,1,SYN-01,SYN-1083-024,0001
MAT-1084,PLANT-01,2024-09,100,EA,261,1,SYN-01,SYN-1084-001,0001
MAT-1084,PLANT-01,2024-10,100,EA,261,1,SYN-01,SYN-1084-002,0001
MAT-1084,PLANT-01,2024-11,100,EA,261,1,SYN-01,SYN-1084-003,0001
MAT-1084,PLANT-01,2024-12,100,EA,261,1,SYN-01,SYN-1084-004,0001
MAT-1084,PLANT-01,2025-01,100,EA,261,1,SYN-01,SYN-1084-005,0001
MAT-1084,PLANT-01,2025-02,100,EA,261,1,SYN-01,SYN-1084-006,0001
MAT-1084,PLANT-01,2025-03,100,EA,261,1,SYN-01,SYN-1084-007,0001
MAT-1084,PLANT-01,2025-04,100,EA,261,1,SYN-01,SYN-1084-008,0001
MAT-1084,PLANT-01,2025-05,100,EA,261,1,SYN-01,SYN-1084-009,0001
MAT-1084,PLANT-01,2025-06,100,EA,261,1,SYN-01,SYN-1084-010,0001
MAT-1084,PLANT-01,2025-07,100,EA,261,1,SYN-01,SYN-1084-011,0001
MAT-1084,PLANT-01,2025-08,100,EA,261,1,SYN-01,SYN-1084-012,0001
MAT-1084,PLANT-01,2025-09,100,EA,261,1,SYN-01,SYN-1084-013,0001
MAT-1084,PLANT-01,2025-10,100,EA,261,1,SYN-01,SYN-1084-014,0001
MAT-1084,PLANT-01,2025-11,100,EA,261,1,SYN-01,SYN-1084-015,0001
MAT-1084,PLANT-01,2025-12,100,EA,261,1,SYN-01,SYN-1084-016,0001
MAT-1084,PLANT-01,2026-01,100,EA,261,1,SYN-01,SYN-1084-017,0001
MAT-1084,PLANT-01,2026-02,100,EA,261,1,SYN-01,SYN-1084-018,0001
MAT-1084,PLANT-01,2026-03,100,EA,261,1,SYN-01,SYN-1084-019,0001
MAT-1084,PLANT-01,2026-04,100,EA,261,1,SYN-01,SYN-1084-020,0001
MAT-1084,PLANT-01,2026-05,100,EA,261,1,SYN-01,SYN-1084-021,0001
MAT-1084,PLANT-01,2026-06,100,EA,261,1,SYN-01,SYN-1084-022,0001
MAT-1084,PLANT-01,2026-07,100,EA,261,1,SYN-01,SYN-1084-023,0001
MAT-1084,PLANT-01,2026-08,100,EA,261,1,SYN-01,SYN-1084-024,0001
MAT-1085,PLANT-02,2024-09,100,EA,261,1,SYN-01,SYN-1085-001,0001
MAT-1085,PLANT-02,2024-10,100,EA,261,1,SYN-01,SYN-1085-002,0001
MAT-1085,PLANT-02,2024-11,100,EA,261,1,SYN-01,SYN-1085-003,0001
MAT-1085,PLANT-02,2024-12,100,EA,261,1,SYN-01,SYN-1085-004,0001
MAT-1085,PLANT-02,2025-01,100,EA,261,1,SYN-01,SYN-1085-005,0001
MAT-1085,PLANT-02,2025-02,100,EA,261,1,SYN-01,SYN-1085-006,0001
MAT-1085,PLANT-02,2025-03,100,EA,261,1,SYN-01,SYN-1085-007,0001
MAT-1085,PLANT-02,2025-04,100,EA,261,1,SYN-01,SYN-1085-008,0001
MAT-1085,PLANT-02,2025-05,100,EA,261,1,SYN-01,SYN-1085-009,0001
MAT-1085,PLANT-02,2025-06,100,EA,261,1,SYN-01,SYN-1085-010,0001
MAT-1085,PLANT-02,2025-07,100,EA,261,1,SYN-01,SYN-1085-011,0001
MAT-1085,PLANT-02,2025-08,100,EA,261,1,SYN-01,SYN-1085-012,0001
MAT-1085,PLANT-02,2025-09,100,EA,261,1,SYN-01,SYN-1085-013,0001
MAT-1085,PLANT-02,2025-10,100,EA,261,1,SYN-01,SYN-1085-014,0001
MAT-1085,PLANT-02,2025-11,100,EA,261,1,SYN-01,SYN-1085-015,0001
MAT-1085,PLANT-02,2025-12,100,EA,261,1,SYN-01,SYN-1085-016,0001
MAT-1085,PLANT-02,2026-01,100,EA,261,1,SYN-01,SYN-1085-017,0001
MAT-1085,PLANT-02,2026-02,100,EA,261,1,SYN-01,SYN-1085-018,0001
MAT-1085,PLANT-02,2026-03,100,EA,261,1,SYN-01,SYN-1085-019,0001
MAT-1085,PLANT-02,2026-04,100,EA,261,1,SYN-01,SYN-1085-020,0001
MAT-1085,PLANT-02,2026-05,100,EA,261,1,SYN-01,SYN-1085-021,0001
MAT-1085,PLANT-02,2026-06,100,EA,261,1,SYN-01,SYN-1085-022,0001
MAT-1085,PLANT-02,2026-07,100,EA,261,1,SYN-01,SYN-1085-023,0001
MAT-1085,PLANT-02,2026-08,100,EA,261,1,SYN-01,SYN-1085-024,0001
MAT-1086,PLANT-03,2024-09,100,EA,261,1,SYN-01,SYN-1086-001,0001
MAT-1086,PLANT-03,2024-10,100,EA,261,1,SYN-01,SYN-1086-002,0001
MAT-1086,PLANT-03,2024-11,100,EA,261,1,SYN-01,SYN-1086-003,0001
MAT-1086,PLANT-03,2024-12,100,EA,261,1,SYN-01,SYN-1086-004,0001
MAT-1086,PLANT-03,2025-01,100,EA,261,1,SYN-01,SYN-1086-005,0001
MAT-1086,PLANT-03,2025-02,100,EA,261,1,SYN-01,SYN-1086-006,0001
MAT-1086,PLANT-03,2025-03,100,EA,261,1,SYN-01,SYN-1086-007,0001
MAT-1086,PLANT-03,2025-04,100,EA,261,1,SYN-01,SYN-1086-008,0001
MAT-1086,PLANT-03,2025-05,100,EA,261,1,SYN-01,SYN-1086-009,0001
MAT-1086,PLANT-03,2025-06,100,EA,261,1,SYN-01,SYN-1086-010,0001
MAT-1086,PLANT-03,2025-07,100,EA,261,1,SYN-01,SYN-1086-011,0001
MAT-1086,PLANT-03,2025-08,100,EA,261,1,SYN-01,SYN-1086-012,0001
MAT-1086,PLANT-03,2025-09,100,EA,261,1,SYN-01,SYN-1086-013,0001
MAT-1086,PLANT-03,2025-10,100,EA,261,1,SYN-01,SYN-1086-014,0001
MAT-1086,PLANT-03,2025-11,100,EA,261,1,SYN-01,SYN-1086-015,0001
MAT-1086,PLANT-03,2025-12,100,EA,261,1,SYN-01,SYN-1086-016,0001
MAT-1086,PLANT-03,2026-01,100,EA,261,1,SYN-01,SYN-1086-017,0001
MAT-1086,PLANT-03,2026-02,100,EA,261,1,SYN-01,SYN-1086-018,0001
MAT-1086,PLANT-03,2026-03,100,EA,261,1,SYN-01,SYN-1086-019,0001
MAT-1086,PLANT-03,2026-04,100,EA,261,1,SYN-01,SYN-1086-020,0001
MAT-1086,PLANT-03,2026-05,100,EA,261,1,SYN-01,SYN-1086-021,0001
MAT-1086,PLANT-03,2026-06,100,EA,261,1,SYN-01,SYN-1086-022,0001
MAT-1086,PLANT-03,2026-07,100,EA,261,1,SYN-01,SYN-1086-023,0001
MAT-1086,PLANT-03,2026-08,100,EA,261,1,SYN-01,SYN-1086-024,0001
MAT-1087,PLANT-04,2024-09,100,EA,261,1,SYN-01,SYN-1087-001,0001
MAT-1087,PLANT-04,2024-10,100,EA,261,1,SYN-01,SYN-1087-002,0001
MAT-1087,PLANT-04,2024-11,100,EA,261,1,SYN-01,SYN-1087-003,0001
MAT-1087,PLANT-04,2024-12,100,EA,261,1,SYN-01,SYN-1087-004,0001
MAT-1087,PLANT-04,2025-01,100,EA,261,1,SYN-01,SYN-1087-005,0001
MAT-1087,PLANT-04,2025-02,100,EA,261,1,SYN-01,SYN-1087-006,0001
MAT-1087,PLANT-04,2025-03,100,EA,261,1,SYN-01,SYN-1087-007,0001
MAT-1087,PLANT-04,2025-04,100,EA,261,1,SYN-01,SYN-1087-008,0001
MAT-1087,PLANT-04,2025-05,100,EA,261,1,SYN-01,SYN-1087-009,0001
MAT-1087,PLANT-04,2025-06,100,EA,261,1,SYN-01,SYN-1087-010,0001
MAT-1087,PLANT-04,2025-07,100,EA,261,1,SYN-01,SYN-1087-011,0001
MAT-1087,PLANT-04,2025-08,100,EA,261,1,SYN-01,SYN-1087-012,0001
MAT-1087,PLANT-04,2025-09,100,EA,261,1,SYN-01,SYN-1087-013,0001
MAT-1087,PLANT-04,2025-10,100,EA,261,1,SYN-01,SYN-1087-014,0001
MAT-1087,PLANT-04,2025-11,100,EA,261,1,SYN-01,SYN-1087-015,0001
MAT-1087,PLANT-04,2025-12,100,EA,261,1,SYN-01,SYN-1087-016,0001
MAT-1087,PLANT-04,2026-01,100,EA,261,1,SYN-01,SYN-1087-017,0001
MAT-1087,PLANT-04,2026-02,100,EA,261,1,SYN-01,SYN-1087-018,0001
MAT-1087,PLANT-04,2026-03,100,EA,261,1,SYN-01,SYN-1087-019,0001
MAT-1087,PLANT-04,2026-04,100,EA,261,1,SYN-01,SYN-1087-020,0001
MAT-1087,PLANT-04,2026-05,100,EA,261,1,SYN-01,SYN-1087-021,0001
MAT-1087,PLANT-04,2026-06,100,EA,261,1,SYN-01,SYN-1087-022,0001
MAT-1087,PLANT-04,2026-07,100,EA,261,1,SYN-01,SYN-1087-023,0001
MAT-1087,PLANT-04,2026-08,100,EA,261,1,SYN-01,SYN-1087-024,0001
MAT-1088,PLANT-01,2024-09,100,EA,261,1,SYN-01,SYN-1088-001,0001
MAT-1088,PLANT-01,2024-10,100,EA,261,1,SYN-01,SYN-1088-002,0001
MAT-1088,PLANT-01,2024-11,100,EA,261,1,SYN-01,SYN-1088-003,0001
MAT-1088,PLANT-01,2024-12,100,EA,261,1,SYN-01,SYN-1088-004,0001
MAT-1088,PLANT-01,2025-01,100,EA,261,1,SYN-01,SYN-1088-005,0001
MAT-1088,PLANT-01,2025-02,100,EA,261,1,SYN-01,SYN-1088-006,0001
MAT-1088,PLANT-01,2025-03,100,EA,261,1,SYN-01,SYN-1088-007,0001
MAT-1088,PLANT-01,2025-04,100,EA,261,1,SYN-01,SYN-1088-008,0001
MAT-1088,PLANT-01,2025-05,100,EA,261,1,SYN-01,SYN-1088-009,0001
MAT-1088,PLANT-01,2025-06,100,EA,261,1,SYN-01,SYN-1088-010,0001
MAT-1088,PLANT-01,2025-07,100,EA,261,1,SYN-01,SYN-1088-011,0001
MAT-1088,PLANT-01,2025-08,100,EA,261,1,SYN-01,SYN-1088-012,0001
MAT-1088,PLANT-01,2025-09,100,EA,261,1,SYN-01,SYN-1088-013,0001
MAT-1088,PLANT-01,2025-10,100,EA,261,1,SYN-01,SYN-1088-014,0001
MAT-1088,PLANT-01,2025-11,100,EA,261,1,SYN-01,SYN-1088-015,0001
MAT-1088,PLANT-01,2025-12,100,EA,261,1,SYN-01,SYN-1088-016,0001
MAT-1088,PLANT-01,2026-01,100,EA,261,1,SYN-01,SYN-1088-017,0001
MAT-1088,PLANT-01,2026-02,100,EA,261,1,SYN-01,SYN-1088-018,0001
MAT-1088,PLANT-01,2026-03,100,EA,261,1,SYN-01,SYN-1088-019,0001
MAT-1088,PLANT-01,2026-04,100,EA,261,1,SYN-01,SYN-1088-020,0001
MAT-1088,PLANT-01,2026-05,100,EA,261,1,SYN-01,SYN-1088-021,0001
MAT-1088,PLANT-01,2026-06,100,EA,261,1,SYN-01,SYN-1088-022,0001
MAT-1088,PLANT-01,2026-07,100,EA,261,1,SYN-01,SYN-1088-023,0001
MAT-1088,PLANT-01,2026-08,100,EA,261,1,SYN-01,SYN-1088-024,0001
MAT-1089,PLANT-02,2024-09,100,EA,261,1,SYN-01,SYN-1089-001,0001
MAT-1089,PLANT-02,2024-10,100,EA,261,1,SYN-01,SYN-1089-002,0001
MAT-1089,PLANT-02,2024-11,100,EA,261,1,SYN-01,SYN-1089-003,0001
MAT-1089,PLANT-02,2024-12,100,EA,261,1,SYN-01,SYN-1089-004,0001
MAT-1089,PLANT-02,2025-01,100,EA,261,1,SYN-01,SYN-1089-005,0001
MAT-1089,PLANT-02,2025-02,100,EA,261,1,SYN-01,SYN-1089-006,0001
MAT-1089,PLANT-02,2025-03,100,EA,261,1,SYN-01,SYN-1089-007,0001
MAT-1089,PLANT-02,2025-04,100,EA,261,1,SYN-01,SYN-1089-008,0001
MAT-1089,PLANT-02,2025-05,100,EA,261,1,SYN-01,SYN-1089-009,0001
MAT-1089,PLANT-02,2025-06,100,EA,261,1,SYN-01,SYN-1089-010,0001
MAT-1089,PLANT-02,2025-07,100,EA,261,1,SYN-01,SYN-1089-011,0001
MAT-1089,PLANT-02,2025-08,100,EA,261,1,SYN-01,SYN-1089-012,0001
MAT-1089,PLANT-02,2025-09,100,EA,261,1,SYN-01,SYN-1089-013,0001
MAT-1089,PLANT-02,2025-10,100,EA,261,1,SYN-01,SYN-1089-014,0001
MAT-1089,PLANT-02,2025-11,100,EA,261,1,SYN-01,SYN-1089-015,0001
MAT-1089,PLANT-02,2025-12,100,EA,261,1,SYN-01,SYN-1089-016,0001
MAT-1089,PLANT-02,2026-01,100,EA,261,1,SYN-01,SYN-1089-017,0001
MAT-1089,PLANT-02,2026-02,100,EA,261,1,SYN-01,SYN-1089-018,0001
MAT-1089,PLANT-02,2026-03,100,EA,261,1,SYN-01,SYN-1089-019,0001
MAT-1089,PLANT-02,2026-04,100,EA,261,1,SYN-01,SYN-1089-020,0001
MAT-1089,PLANT-02,2026-05,100,EA,261,1,SYN-01,SYN-1089-021,0001
MAT-1089,PLANT-02,2026-06,100,EA,261,1,SYN-01,SYN-1089-022,0001
MAT-1089,PLANT-02,2026-07,100,EA,261,1,SYN-01,SYN-1089-023,0001
MAT-1089,PLANT-02,2026-08,100,EA,261,1,SYN-01,SYN-1089-024,0001
MAT-1090,PLANT-03,2024-09,100,EA,261,1,SYN-01,SYN-1090-001,0001
MAT-1090,PLANT-03,2024-10,100,EA,261,1,SYN-01,SYN-1090-002,0001
MAT-1090,PLANT-03,2024-11,100,EA,261,1,SYN-01,SYN-1090-003,0001
MAT-1090,PLANT-03,2024-12,100,EA,261,1,SYN-01,SYN-1090-004,0001
MAT-1090,PLANT-03,2025-01,100,EA,261,1,SYN-01,SYN-1090-005,0001
MAT-1090,PLANT-03,2025-02,100,EA,261,1,SYN-01,SYN-1090-006,0001
MAT-1090,PLANT-03,2025-03,100,EA,261,1,SYN-01,SYN-1090-007,0001
MAT-1090,PLANT-03,2025-04,100,EA,261,1,SYN-01,SYN-1090-008,0001
MAT-1090,PLANT-03,2025-05,100,EA,261,1,SYN-01,SYN-1090-009,0001
MAT-1090,PLANT-03,2025-06,100,EA,261,1,SYN-01,SYN-1090-010,0001
MAT-1090,PLANT-03,2025-07,100,EA,261,1,SYN-01,SYN-1090-011,0001
MAT-1090,PLANT-03,2025-08,100,EA,261,1,SYN-01,SYN-1090-012,0001
MAT-1090,PLANT-03,2025-09,100,EA,261,1,SYN-01,SYN-1090-013,0001
MAT-1090,PLANT-03,2025-10,100,EA,261,1,SYN-01,SYN-1090-014,0001
MAT-1090,PLANT-03,2025-11,100,EA,261,1,SYN-01,SYN-1090-015,0001
MAT-1090,PLANT-03,2025-12,100,EA,261,1,SYN-01,SYN-1090-016,0001
MAT-1090,PLANT-03,2026-01,100,EA,261,1,SYN-01,SYN-1090-017,0001
MAT-1090,PLANT-03,2026-02,100,EA,261,1,SYN-01,SYN-1090-018,0001
MAT-1090,PLANT-03,2026-03,100,EA,261,1,SYN-01,SYN-1090-019,0001
MAT-1090,PLANT-03,2026-04,100,EA,261,1,SYN-01,SYN-1090-020,0001
MAT-1090,PLANT-03,2026-05,100,EA,261,1,SYN-01,SYN-1090-021,0001
MAT-1090,PLANT-03,2026-06,100,EA,261,1,SYN-01,SYN-1090-022,0001
MAT-1090,PLANT-03,2026-07,100,EA,261,1,SYN-01,SYN-1090-023,0001
MAT-1090,PLANT-03,2026-08,100,EA,261,1,SYN-01,SYN-1090-024,0001
MAT-1091,PLANT-04,2024-09,100,EA,261,1,SYN-01,SYN-1091-001,0001
MAT-1091,PLANT-04,2024-10,100,EA,261,1,SYN-01,SYN-1091-002,0001
MAT-1091,PLANT-04,2024-11,100,EA,261,1,SYN-01,SYN-1091-003,0001
MAT-1091,PLANT-04,2024-12,100,EA,261,1,SYN-01,SYN-1091-004,0001
MAT-1091,PLANT-04,2025-01,100,EA,261,1,SYN-01,SYN-1091-005,0001
MAT-1091,PLANT-04,2025-02,100,EA,261,1,SYN-01,SYN-1091-006,0001
MAT-1091,PLANT-04,2025-03,100,EA,261,1,SYN-01,SYN-1091-007,0001
MAT-1091,PLANT-04,2025-04,100,EA,261,1,SYN-01,SYN-1091-008,0001
MAT-1091,PLANT-04,2025-05,100,EA,261,1,SYN-01,SYN-1091-009,0001
MAT-1091,PLANT-04,2025-06,100,EA,261,1,SYN-01,SYN-1091-010,0001
MAT-1091,PLANT-04,2025-07,100,EA,261,1,SYN-01,SYN-1091-011,0001
MAT-1091,PLANT-04,2025-08,100,EA,261,1,SYN-01,SYN-1091-012,0001
MAT-1091,PLANT-04,2025-09,100,EA,261,1,SYN-01,SYN-1091-013,0001
MAT-1091,PLANT-04,2025-10,100,EA,261,1,SYN-01,SYN-1091-014,0001
MAT-1091,PLANT-04,2025-11,100,EA,261,1,SYN-01,SYN-1091-015,0001
MAT-1091,PLANT-04,2025-12,100,EA,261,1,SYN-01,SYN-1091-016,0001
MAT-1091,PLANT-04,2026-01,100,EA,261,1,SYN-01,SYN-1091-017,0001
MAT-1091,PLANT-04,2026-02,100,EA,261,1,SYN-01,SYN-1091-018,0001
MAT-1091,PLANT-04,2026-03,100,EA,261,1,SYN-01,SYN-1091-019,0001
MAT-1091,PLANT-04,2026-04,100,EA,261,1,SYN-01,SYN-1091-020,0001
MAT-1091,PLANT-04,2026-05,100,EA,261,1,SYN-01,SYN-1091-021,0001
MAT-1091,PLANT-04,2026-06,100,EA,261,1,SYN-01,SYN-1091-022,0001
MAT-1091,PLANT-04,2026-07,100,EA,261,1,SYN-01,SYN-1091-023,0001
MAT-1091,PLANT-04,2026-08,100,EA,261,1,SYN-01,SYN-1091-024,0001
MAT-1092,PLANT-01,2024-09,100,EA,261,1,SYN-01,SYN-1092-001,0001
MAT-1092,PLANT-01,2024-10,100,EA,261,1,SYN-01,SYN-1092-002,0001
MAT-1092,PLANT-01,2024-11,100,EA,261,1,SYN-01,SYN-1092-003,0001
MAT-1092,PLANT-01,2024-12,100,EA,261,1,SYN-01,SYN-1092-004,0001
MAT-1092,PLANT-01,2025-01,100,EA,261,1,SYN-01,SYN-1092-005,0001
MAT-1092,PLANT-01,2025-02,100,EA,261,1,SYN-01,SYN-1092-006,0001
MAT-1092,PLANT-01,2025-03,100,EA,261,1,SYN-01,SYN-1092-007,0001
MAT-1092,PLANT-01,2025-04,100,EA,261,1,SYN-01,SYN-1092-008,0001
MAT-1092,PLANT-01,2025-05,100,EA,261,1,SYN-01,SYN-1092-009,0001
MAT-1092,PLANT-01,2025-06,100,EA,261,1,SYN-01,SYN-1092-010,0001
MAT-1092,PLANT-01,2025-07,100,EA,261,1,SYN-01,SYN-1092-011,0001
MAT-1092,PLANT-01,2025-08,100,EA,261,1,SYN-01,SYN-1092-012,0001
MAT-1092,PLANT-01,2025-09,100,EA,261,1,SYN-01,SYN-1092-013,0001
MAT-1092,PLANT-01,2025-10,100,EA,261,1,SYN-01,SYN-1092-014,0001
MAT-1092,PLANT-01,2025-11,100,EA,261,1,SYN-01,SYN-1092-015,0001
MAT-1092,PLANT-01,2025-12,100,EA,261,1,SYN-01,SYN-1092-016,0001
MAT-1092,PLANT-01,2026-01,100,EA,261,1,SYN-01,SYN-1092-017,0001
MAT-1092,PLANT-01,2026-02,100,EA,261,1,SYN-01,SYN-1092-018,0001
MAT-1092,PLANT-01,2026-03,100,EA,261,1,SYN-01,SYN-1092-019,0001
MAT-1092,PLANT-01,2026-04,100,EA,261,1,SYN-01,SYN-1092-020,0001
MAT-1092,PLANT-01,2026-05,100,EA,261,1,SYN-01,SYN-1092-021,0001
MAT-1092,PLANT-01,2026-06,100,EA,261,1,SYN-01,SYN-1092-022,0001
MAT-1092,PLANT-01,2026-07,100,EA,261,1,SYN-01,SYN-1092-023,0001
MAT-1092,PLANT-01,2026-08,100,EA,261,1,SYN-01,SYN-1092-024,0001
MAT-1093,PLANT-02,2024-09,100,EA,261,1,SYN-01,SYN-1093-001,0001
MAT-1093,PLANT-02,2024-10,100,EA,261,1,SYN-01,SYN-1093-002,0001
MAT-1093,PLANT-02,2024-11,100,EA,261,1,SYN-01,SYN-1093-003,0001
MAT-1093,PLANT-02,2024-12,100,EA,261,1,SYN-01,SYN-1093-004,0001
MAT-1093,PLANT-02,2025-01,100,EA,261,1,SYN-01,SYN-1093-005,0001
MAT-1093,PLANT-02,2025-02,100,EA,261,1,SYN-01,SYN-1093-006,0001
MAT-1093,PLANT-02,2025-03,100,EA,261,1,SYN-01,SYN-1093-007,0001
MAT-1093,PLANT-02,2025-04,100,EA,261,1,SYN-01,SYN-1093-008,0001
MAT-1093,PLANT-02,2025-05,100,EA,261,1,SYN-01,SYN-1093-009,0001
MAT-1093,PLANT-02,2025-06,100,EA,261,1,SYN-01,SYN-1093-010,0001
MAT-1093,PLANT-02,2025-07,100,EA,261,1,SYN-01,SYN-1093-011,0001
MAT-1093,PLANT-02,2025-08,100,EA,261,1,SYN-01,SYN-1093-012,0001
MAT-1093,PLANT-02,2025-09,100,EA,261,1,SYN-01,SYN-1093-013,0001
MAT-1093,PLANT-02,2025-10,100,EA,261,1,SYN-01,SYN-1093-014,0001
MAT-1093,PLANT-02,2025-11,100,EA,261,1,SYN-01,SYN-1093-015,0001
MAT-1093,PLANT-02,2025-12,100,EA,261,1,SYN-01,SYN-1093-016,0001
MAT-1093,PLANT-02,2026-01,100,EA,261,1,SYN-01,SYN-1093-017,0001
MAT-1093,PLANT-02,2026-02,100,EA,261,1,SYN-01,SYN-1093-018,0001
MAT-1093,PLANT-02,2026-03,100,EA,261,1,SYN-01,SYN-1093-019,0001
MAT-1093,PLANT-02,2026-04,100,EA,261,1,SYN-01,SYN-1093-020,0001
MAT-1093,PLANT-02,2026-05,100,EA,261,1,SYN-01,SYN-1093-021,0001
MAT-1093,PLANT-02,2026-06,100,EA,261,1,SYN-01,SYN-1093-022,0001
MAT-1093,PLANT-02,2026-07,100,EA,261,1,SYN-01,SYN-1093-023,0001
MAT-1093,PLANT-02,2026-08,100,EA,261,1,SYN-01,SYN-1093-024,0001
MAT-1094,PLANT-03,2024-09,100,EA,261,1,SYN-01,SYN-1094-001,0001
MAT-1094,PLANT-03,2024-10,100,EA,261,1,SYN-01,SYN-1094-002,0001
MAT-1094,PLANT-03,2024-11,100,EA,261,1,SYN-01,SYN-1094-003,0001
MAT-1094,PLANT-03,2024-12,100,EA,261,1,SYN-01,SYN-1094-004,0001
MAT-1094,PLANT-03,2025-01,100,EA,261,1,SYN-01,SYN-1094-005,0001
MAT-1094,PLANT-03,2025-02,100,EA,261,1,SYN-01,SYN-1094-006,0001
MAT-1094,PLANT-03,2025-03,100,EA,261,1,SYN-01,SYN-1094-007,0001
MAT-1094,PLANT-03,2025-04,100,EA,261,1,SYN-01,SYN-1094-008,0001
MAT-1094,PLANT-03,2025-05,100,EA,261,1,SYN-01,SYN-1094-009,0001
MAT-1094,PLANT-03,2025-06,100,EA,261,1,SYN-01,SYN-1094-010,0001
MAT-1094,PLANT-03,2025-07,100,EA,261,1,SYN-01,SYN-1094-011,0001
MAT-1094,PLANT-03,2025-08,100,EA,261,1,SYN-01,SYN-1094-012,0001
MAT-1094,PLANT-03,2025-09,100,EA,261,1,SYN-01,SYN-1094-013,0001
MAT-1094,PLANT-03,2025-10,100,EA,261,1,SYN-01,SYN-1094-014,0001
MAT-1094,PLANT-03,2025-11,100,EA,261,1,SYN-01,SYN-1094-015,0001
MAT-1094,PLANT-03,2025-12,100,EA,261,1,SYN-01,SYN-1094-016,0001
MAT-1094,PLANT-03,2026-01,100,EA,261,1,SYN-01,SYN-1094-017,0001
MAT-1094,PLANT-03,2026-02,100,EA,261,1,SYN-01,SYN-1094-018,0001
MAT-1094,PLANT-03,2026-03,100,EA,261,1,SYN-01,SYN-1094-019,0001
MAT-1094,PLANT-03,2026-04,100,EA,261,1,SYN-01,SYN-1094-020,0001
MAT-1094,PLANT-03,2026-05,100,EA,261,1,SYN-01,SYN-1094-021,0001
MAT-1094,PLANT-03,2026-06,100,EA,261,1,SYN-01,SYN-1094-022,0001
MAT-1094,PLANT-03,2026-07,100,EA,261,1,SYN-01,SYN-1094-023,0001
MAT-1094,PLANT-03,2026-08,100,EA,261,1,SYN-01,SYN-1094-024,0001
MAT-1095,PLANT-04,2024-09,100,EA,261,1,SYN-01,SYN-1095-001,0001
MAT-1095,PLANT-04,2024-10,100,EA,261,1,SYN-01,SYN-1095-002,0001
MAT-1095,PLANT-04,2024-11,100,EA,261,1,SYN-01,SYN-1095-003,0001
MAT-1095,PLANT-04,2024-12,100,EA,261,1,SYN-01,SYN-1095-004,0001
MAT-1095,PLANT-04,2025-01,100,EA,261,1,SYN-01,SYN-1095-005,0001
MAT-1095,PLANT-04,2025-02,100,EA,261,1,SYN-01,SYN-1095-006,0001
MAT-1095,PLANT-04,2025-03,100,EA,261,1,SYN-01,SYN-1095-007,0001
MAT-1095,PLANT-04,2025-04,100,EA,261,1,SYN-01,SYN-1095-008,0001
MAT-1095,PLANT-04,2025-05,100,EA,261,1,SYN-01,SYN-1095-009,0001
MAT-1095,PLANT-04,2025-06,100,EA,261,1,SYN-01,SYN-1095-010,0001
MAT-1095,PLANT-04,2025-07,100,EA,261,1,SYN-01,SYN-1095-011,0001
MAT-1095,PLANT-04,2025-08,100,EA,261,1,SYN-01,SYN-1095-012,0001
MAT-1095,PLANT-04,2025-09,100,EA,261,1,SYN-01,SYN-1095-013,0001
MAT-1095,PLANT-04,2025-10,100,EA,261,1,SYN-01,SYN-1095-014,0001
MAT-1095,PLANT-04,2025-11,100,EA,261,1,SYN-01,SYN-1095-015,0001
MAT-1095,PLANT-04,2025-12,100,EA,261,1,SYN-01,SYN-1095-016,0001
MAT-1095,PLANT-04,2026-01,100,EA,261,1,SYN-01,SYN-1095-017,0001
MAT-1095,PLANT-04,2026-02,100,EA,261,1,SYN-01,SYN-1095-018,0001
MAT-1095,PLANT-04,2026-03,100,EA,261,1,SYN-01,SYN-1095-019,0001
MAT-1095,PLANT-04,2026-04,100,EA,261,1,SYN-01,SYN-1095-020,0001
MAT-1095,PLANT-04,2026-05,100,EA,261,1,SYN-01,SYN-1095-021,0001
MAT-1095,PLANT-04,2026-06,100,EA,261,1,SYN-01,SYN-1095-022,0001
MAT-1095,PLANT-04,2026-07,100,EA,261,1,SYN-01,SYN-1095-023,0001
MAT-1095,PLANT-04,2026-08,100,EA,261,1,SYN-01,SYN-1095-024,0001
MAT-1096,PLANT-01,2024-09,100,EA,261,1,SYN-01,SYN-1096-001,0001
MAT-1096,PLANT-01,2024-10,100,EA,261,1,SYN-01,SYN-1096-002,0001
MAT-1096,PLANT-01,2024-11,100,EA,261,1,SYN-01,SYN-1096-003,0001
MAT-1096,PLANT-01,2024-12,100,EA,261,1,SYN-01,SYN-1096-004,0001
MAT-1096,PLANT-01,2025-01,100,EA,261,1,SYN-01,SYN-1096-005,0001
MAT-1096,PLANT-01,2025-02,100,EA,261,1,SYN-01,SYN-1096-006,0001
MAT-1096,PLANT-01,2025-03,100,EA,261,1,SYN-01,SYN-1096-007,0001
MAT-1096,PLANT-01,2025-04,100,EA,261,1,SYN-01,SYN-1096-008,0001
MAT-1096,PLANT-01,2025-05,100,EA,261,1,SYN-01,SYN-1096-009,0001
MAT-1096,PLANT-01,2025-06,100,EA,261,1,SYN-01,SYN-1096-010,0001
MAT-1096,PLANT-01,2025-07,100,EA,261,1,SYN-01,SYN-1096-011,0001
MAT-1096,PLANT-01,2025-08,100,EA,261,1,SYN-01,SYN-1096-012,0001
MAT-1096,PLANT-01,2025-09,100,EA,261,1,SYN-01,SYN-1096-013,0001
MAT-1096,PLANT-01,2025-10,100,EA,261,1,SYN-01,SYN-1096-014,0001
MAT-1096,PLANT-01,2025-11,100,EA,261,1,SYN-01,SYN-1096-015,0001
MAT-1096,PLANT-01,2025-12,100,EA,261,1,SYN-01,SYN-1096-016,0001
MAT-1096,PLANT-01,2026-01,100,EA,261,1,SYN-01,SYN-1096-017,0001
MAT-1096,PLANT-01,2026-02,100,EA,261,1,SYN-01,SYN-1096-018,0001
MAT-1096,PLANT-01,2026-03,100,EA,261,1,SYN-01,SYN-1096-019,0001
MAT-1096,PLANT-01,2026-04,100,EA,261,1,SYN-01,SYN-1096-020,0001
MAT-1096,PLANT-01,2026-05,100,EA,261,1,SYN-01,SYN-1096-021,0001
MAT-1096,PLANT-01,2026-06,100,EA,261,1,SYN-01,SYN-1096-022,0001
MAT-1096,PLANT-01,2026-07,100,EA,261,1,SYN-01,SYN-1096-023,0001
MAT-1096,PLANT-01,2026-08,100,EA,261,1,SYN-01,SYN-1096-024,0001
MAT-1097,PLANT-02,2024-09,100,EA,261,1,SYN-01,SYN-1097-001,0001
MAT-1097,PLANT-02,2024-10,100,EA,261,1,SYN-01,SYN-1097-002,0001
MAT-1097,PLANT-02,2024-11,100,EA,261,1,SYN-01,SYN-1097-003,0001
MAT-1097,PLANT-02,2024-12,100,EA,261,1,SYN-01,SYN-1097-004,0001
MAT-1097,PLANT-02,2025-01,100,EA,261,1,SYN-01,SYN-1097-005,0001
MAT-1097,PLANT-02,2025-02,100,EA,261,1,SYN-01,SYN-1097-006,0001
MAT-1097,PLANT-02,2025-03,100,EA,261,1,SYN-01,SYN-1097-007,0001
MAT-1097,PLANT-02,2025-04,100,EA,261,1,SYN-01,SYN-1097-008,0001
MAT-1097,PLANT-02,2025-05,100,EA,261,1,SYN-01,SYN-1097-009,0001
MAT-1097,PLANT-02,2025-06,100,EA,261,1,SYN-01,SYN-1097-010,0001
MAT-1097,PLANT-02,2025-07,100,EA,261,1,SYN-01,SYN-1097-011,0001
MAT-1097,PLANT-02,2025-08,100,EA,261,1,SYN-01,SYN-1097-012,0001
MAT-1097,PLANT-02,2025-09,100,EA,261,1,SYN-01,SYN-1097-013,0001
MAT-1097,PLANT-02,2025-10,100,EA,261,1,SYN-01,SYN-1097-014,0001
MAT-1097,PLANT-02,2025-11,100,EA,261,1,SYN-01,SYN-1097-015,0001
MAT-1097,PLANT-02,2025-12,100,EA,261,1,SYN-01,SYN-1097-016,0001
MAT-1097,PLANT-02,2026-01,100,EA,261,1,SYN-01,SYN-1097-017,0001
MAT-1097,PLANT-02,2026-02,100,EA,261,1,SYN-01,SYN-1097-018,0001
MAT-1097,PLANT-02,2026-03,100,EA,261,1,SYN-01,SYN-1097-019,0001
MAT-1097,PLANT-02,2026-04,100,EA,261,1,SYN-01,SYN-1097-020,0001
MAT-1097,PLANT-02,2026-05,100,EA,261,1,SYN-01,SYN-1097-021,0001
MAT-1097,PLANT-02,2026-06,100,EA,261,1,SYN-01,SYN-1097-022,0001
MAT-1097,PLANT-02,2026-07,100,EA,261,1,SYN-01,SYN-1097-023,0001
MAT-1097,PLANT-02,2026-08,100,EA,261,1,SYN-01,SYN-1097-024,0001
MAT-1098,PLANT-03,2024-09,100,EA,261,1,SYN-01,SYN-1098-001,0001
MAT-1098,PLANT-03,2024-10,100,EA,261,1,SYN-01,SYN-1098-002,0001
MAT-1098,PLANT-03,2024-11,100,EA,261,1,SYN-01,SYN-1098-003,0001
MAT-1098,PLANT-03,2024-12,100,EA,261,1,SYN-01,SYN-1098-004,0001
MAT-1098,PLANT-03,2025-01,100,EA,261,1,SYN-01,SYN-1098-005,0001
MAT-1098,PLANT-03,2025-02,100,EA,261,1,SYN-01,SYN-1098-006,0001
MAT-1098,PLANT-03,2025-03,100,EA,261,1,SYN-01,SYN-1098-007,0001
MAT-1098,PLANT-03,2025-04,100,EA,261,1,SYN-01,SYN-1098-008,0001
MAT-1098,PLANT-03,2025-05,100,EA,261,1,SYN-01,SYN-1098-009,0001
MAT-1098,PLANT-03,2025-06,100,EA,261,1,SYN-01,SYN-1098-010,0001
MAT-1098,PLANT-03,2025-07,100,EA,261,1,SYN-01,SYN-1098-011,0001
MAT-1098,PLANT-03,2025-08,100,EA,261,1,SYN-01,SYN-1098-012,0001
MAT-1098,PLANT-03,2025-09,100,EA,261,1,SYN-01,SYN-1098-013,0001
MAT-1098,PLANT-03,2025-10,100,EA,261,1,SYN-01,SYN-1098-014,0001
MAT-1098,PLANT-03,2025-11,100,EA,261,1,SYN-01,SYN-1098-015,0001
MAT-1098,PLANT-03,2025-12,100,EA,261,1,SYN-01,SYN-1098-016,0001
MAT-1098,PLANT-03,2026-01,100,EA,261,1,SYN-01,SYN-1098-017,0001
MAT-1098,PLANT-03,2026-02,100,EA,261,1,SYN-01,SYN-1098-018,0001
MAT-1098,PLANT-03,2026-03,100,EA,261,1,SYN-01,SYN-1098-019,0001
MAT-1098,PLANT-03,2026-04,100,EA,261,1,SYN-01,SYN-1098-020,0001
MAT-1098,PLANT-03,2026-05,100,EA,261,1,SYN-01,SYN-1098-021,0001
MAT-1098,PLANT-03,2026-06,100,EA,261,1,SYN-01,SYN-1098-022,0001
MAT-1098,PLANT-03,2026-07,100,EA,261,1,SYN-01,SYN-1098-023,0001
MAT-1098,PLANT-03,2026-08,100,EA,261,1,SYN-01,SYN-1098-024,0001
MAT-1099,PLANT-04,2024-09,100,EA,261,1,SYN-01,SYN-1099-001,0001
MAT-1099,PLANT-04,2024-10,100,EA,261,1,SYN-01,SYN-1099-002,0001
MAT-1099,PLANT-04,2024-11,100,EA,261,1,SYN-01,SYN-1099-003,0001
MAT-1099,PLANT-04,2024-12,100,EA,261,1,SYN-01,SYN-1099-004,0001
MAT-1099,PLANT-04,2025-01,100,EA,261,1,SYN-01,SYN-1099-005,0001
MAT-1099,PLANT-04,2025-02,100,EA,261,1,SYN-01,SYN-1099-006,0001
MAT-1099,PLANT-04,2025-03,100,EA,261,1,SYN-01,SYN-1099-007,0001
MAT-1099,PLANT-04,2025-04,100,EA,261,1,SYN-01,SYN-1099-008,0001
MAT-1099,PLANT-04,2025-05,100,EA,261,1,SYN-01,SYN-1099-009,0001
MAT-1099,PLANT-04,2025-06,100,EA,261,1,SYN-01,SYN-1099-010,0001
MAT-1099,PLANT-04,2025-07,100,EA,261,1,SYN-01,SYN-1099-011,0001
MAT-1099,PLANT-04,2025-08,100,EA,261,1,SYN-01,SYN-1099-012,0001
MAT-1099,PLANT-04,2025-09,100,EA,261,1,SYN-01,SYN-1099-013,0001
MAT-1099,PLANT-04,2025-10,100,EA,261,1,SYN-01,SYN-1099-014,0001
MAT-1099,PLANT-04,2025-11,100,EA,261,1,SYN-01,SYN-1099-015,0001
MAT-1099,PLANT-04,2025-12,100,EA,261,1,SYN-01,SYN-1099-016,0001
MAT-1099,PLANT-04,2026-01,100,EA,261,1,SYN-01,SYN-1099-017,0001
MAT-1099,PLANT-04,2026-02,100,EA,261,1,SYN-01,SYN-1099-018,0001
MAT-1099,PLANT-04,2026-03,100,EA,261,1,SYN-01,SYN-1099-019,0001
MAT-1099,PLANT-04,2026-04,100,EA,261,1,SYN-01,SYN-1099-020,0001
MAT-1099,PLANT-04,2026-05,100,EA,261,1,SYN-01,SYN-1099-021,0001
MAT-1099,PLANT-04,2026-06,100,EA,261,1,SYN-01,SYN-1099-022,0001
MAT-1099,PLANT-04,2026-07,100,EA,261,1,SYN-01,SYN-1099-023,0001
MAT-1099,PLANT-04,2026-08,100,EA,261,1,SYN-01,SYN-1099-024,0001
MAT-1100,PLANT-01,2024-09,100,EA,261,1,SYN-01,SYN-1100-001,0001
MAT-1100,PLANT-01,2024-10,100,EA,261,1,SYN-01,SYN-1100-002,0001
MAT-1100,PLANT-01,2024-11,100,EA,261,1,SYN-01,SYN-1100-003,0001
MAT-1100,PLANT-01,2024-12,100,EA,261,1,SYN-01,SYN-1100-004,0001
MAT-1100,PLANT-01,2025-01,100,EA,261,1,SYN-01,SYN-1100-005,0001
MAT-1100,PLANT-01,2025-02,100,EA,261,1,SYN-01,SYN-1100-006,0001
MAT-1100,PLANT-01,2025-03,100,EA,261,1,SYN-01,SYN-1100-007,0001
MAT-1100,PLANT-01,2025-04,100,EA,261,1,SYN-01,SYN-1100-008,0001
MAT-1100,PLANT-01,2025-05,100,EA,261,1,SYN-01,SYN-1100-009,0001
MAT-1100,PLANT-01,2025-06,100,EA,261,1,SYN-01,SYN-1100-010,0001
MAT-1100,PLANT-01,2025-07,100,EA,261,1,SYN-01,SYN-1100-011,0001
MAT-1100,PLANT-01,2025-08,100,EA,261,1,SYN-01,SYN-1100-012,0001
MAT-1100,PLANT-01,2025-09,100,EA,261,1,SYN-01,SYN-1100-013,0001
MAT-1100,PLANT-01,2025-10,100,EA,261,1,SYN-01,SYN-1100-014,0001
MAT-1100,PLANT-01,2025-11,100,EA,261,1,SYN-01,SYN-1100-015,0001
MAT-1100,PLANT-01,2025-12,100,EA,261,1,SYN-01,SYN-1100-016,0001
MAT-1100,PLANT-01,2026-01,100,EA,261,1,SYN-01,SYN-1100-017,0001
MAT-1100,PLANT-01,2026-02,100,EA,261,1,SYN-01,SYN-1100-018,0001
MAT-1100,PLANT-01,2026-03,100,EA,261,1,SYN-01,SYN-1100-019,0001
MAT-1100,PLANT-01,2026-04,100,EA,261,1,SYN-01,SYN-1100-020,0001
MAT-1100,PLANT-01,2026-05,100,EA,261,1,SYN-01,SYN-1100-021,0001
MAT-1100,PLANT-01,2026-06,100,EA,261,1,SYN-01,SYN-1100-022,0001
MAT-1100,PLANT-01,2026-07,100,EA,261,1,SYN-01,SYN-1100-023,0001
MAT-1100,PLANT-01,2026-08,100,EA,261,1,SYN-01,SYN-1100-024,0001